FormPage,FormReferenceNumber,XPath
N/A,N/A,/VALUATION_RESPONSE/REPORT/@AppraisalFormType
N/A,N/A,/VALUATION_RESPONSE/REPORT/EMBEDDED_FILE/DOCUMENT
1,2,/VALUATION_RESPONSE/REPORT/@_TitleDescription
1,3,/VALUATION_RESPONSE/REPORT/@AppraiserFileIdentifier
1,4,/VALUATION_RESPONSE/REPORT/@AppraiserAdditionalFileIdentifierName
1,4a,/VALUATION_RESPONSE/REPORT/@AppraiserAdditionalFileIdentifier
1,6,/VALUATION_RESPONSE/PROPERTY/@_StreetAddress
1,7,/VALUATION_RESPONSE/PROPERTY/@_City
1,8,/VALUATION_RESPONSE/PROPERTY/@_State
1,9,/VALUATION_RESPONSE/PROPERTY/@_PostalCode
1,10,/VALUATION_RESPONSE/PARTIES/BORROWER/BORROWER_EXTENSION/BORROWER_EXTENSION_SECTION[@ExtensionSectionOrganizationName='UNIFORMAPPRAISALDATASET']/BORROWER_EXTENSION_SECTION_DATA/BORROWER_NAME/@GSEBorrowerName
1,11,/VALUATION_RESPONSE/PROPERTY/_OWNER/PROPERTY_OWNER_EXTENSION/PROPERTY_OWNER_EXTENSION_SECTION[@ExtensionSectionOrganizationName='UNIFORMAPPRAISALDATASET']/PROPERTY_OWNER_EXTENSION_SECTION_DATA/PROPERTY_OWNER/@GSEPropertyOwnerName
1,12,/VALUATION_RESPONSE/PROPERTY/@_County
1,13,/VALUATION_RESPONSE/PROPERTY/_LEGAL_DESCRIPTION[@_Type='Other' and @_TypeOtherDescription='LongLegal']/@_TextDescription
1,14,/VALUATION_RESPONSE/PROPERTY/_IDENTIFICATION/PROPERTY_IDENTIFICATION_EXTENSION/PROPERTY_IDENTIFICATION_EXTENSION_SECTION[@ExtensionSectionOrganizationName='UNIFORMAPPRAISALDATASET']/PROPERTY_IDENTIFICATION_EXTENSION_SECTION_DATA/PARCEL_IDENTIFIER/@GSEAssessorsParcelIdentifier
1,15,/VALUATION_RESPONSE/PROPERTY/_TAX/@_YearIdentifier
1,16,/VALUATION_RESPONSE/PROPERTY/_TAX/PROPERTY_TAX_EXTENSION/PROPERTY_TAX_EXTENSION_SECTION[@ExtensionSectionOrganizationName='UNIFORMAPPRAISALDATASET']/PROPERTY_TAX_EXTENSION_SECTION_DATA/PROPERTY_TAX_AMOUNT/@GSEPropertyTaxTotalTaxAmount
1,17,/VALUATION_RESPONSE/PROPERTY/NEIGHBORHOOD/@_Name
1,18,/VALUATION_RESPONSE/PROPERTY/_IDENTIFICATION/@MapReferenceIdentifier
1,19,/VALUATION_RESPONSE/PROPERTY/_IDENTIFICATION/@CensusTractIdentifier
1,20,/VALUATION_RESPONSE/PROPERTY[@_CurrentOccupancyType='OwnerOccupied']
1,21,/VALUATION_RESPONSE/PROPERTY[@_CurrentOccupancyType='TenantOccupied']
1,22,/VALUATION_RESPONSE/PROPERTY[@_CurrentOccupancyType='Vacant']
1,23,/VALUATION_RESPONSE/PROPERTY/_TAX/@_TotalSpecialTaxAmount
1,24,/VALUATION_RESPONSE/PROPERTY/PROPERTY_EXTENSION/PROPERTY_EXTENSION_SECTION[@ExtensionSectionOrganizationName='UNIFORMAPPRAISALDATASET']/PROPERTY_EXTENSION_SECTION_DATA/PROPERTY_TYPE/@H436
1,25,/VALUATION_RESPONSE/PROPERTY/PROJECT/_PER_UNIT_FEE/@_Amount
1,26,/VALUATION_RESPONSE/PROPERTY/PROJECT/_PER_UNIT_FEE[@_PeriodType='Annually']
1,27,/VALUATION_RESPONSE/PROPERTY/PROJECT/_PER_UNIT_FEE[@_PeriodType='Monthly']
1,28,/VALUATION_RESPONSE/PROPERTY[@_RightsType='FeeSimple']
1,29,/VALUATION_RESPONSE/PROPERTY[@_RightsType='Leasehold']
1,30,/VALUATION_RESPONSE/PROPERTY[@_RightsType='Other']
1,31,/VALUATION_RESPONSE/PROPERTY/@_RightsTypeOtherDescription
1,32,/VALUATION_RESPONSE/REPORT[@AppraisalPurposeType='Purchase']
1,33,/VALUATION_RESPONSE/REPORT[@AppraisalPurposeType='Refinance']
1,34,/VALUATION_RESPONSE/REPORT[@AppraisalPurposeType='Other']
1,35,/VALUATION_RESPONSE/REPORT/@AppraisalPurposeTypeOtherDescription
1,36,/VALUATION_RESPONSE/PARTIES/LENDER/@_UnparsedName
1,37,/VALUATION_RESPONSE/PARTIES/LENDER/@AppraisalFormsUnparsedAddress
1,38,/VALUATION_RESPONSE/PROPERTY/LISTING_HISTORY[@ListedWithinPreviousYearIndicator='Y']
1,39,/VALUATION_RESPONSE/PROPERTY/LISTING_HISTORY[@ListedWithinPreviousYearIndicator='N']
1,e-2,/VALUATION_RESPONSE/VALUATION_METHODS/SALES_COMPARISON/COMPARABLE_SALE[@PropertySequenceIdentifier='0']/COMPARISON_DETAIL_EXTENSION/COMPARISON_DETAIL_EXTENSION_SECTION[@ExtensionSectionOrganizationName='UNIFORMAPPRAISALDATASET']/COMPARISON_DETAIL_EXTENSION_SECTION_DATA/COMPARISON_DETAIL/@GSEDaysOnMarketDescription
1,40,/VALUATION_RESPONSE/PROPERTY/LISTING_HISTORY/@ListedWithinPreviousYearDescription
1,41,/VALUATION_RESPONSE/PROPERTY/SALES_CONTRACT[@_ReviewedIndicator='Y']
1,42,/VALUATION_RESPONSE/PROPERTY/SALES_CONTRACT[@_ReviewedIndicator='N']
1,e-3,/VALUATION_RESPONSE/PROPERTY/SALES_CONTRACT/SALES_CONTRACT_EXTENSION/SALES_CONTRACT_EXTENSION_SECTION[@ExtensionSectionOrganizationName='UNIFORMAPPRAISALDATASET']/SALES_CONTRACT_EXTENSION_SECTION_DATA/SALES_TRANSACTION/@GSESaleType
1,43,/VALUATION_RESPONSE/PROPERTY/SALES_CONTRACT/@_ReviewComment
1,44,/VALUATION_RESPONSE/PROPERTY/SALES_CONTRACT/@_Amount
1,45,/VALUATION_RESPONSE/PROPERTY/SALES_CONTRACT/@_Date
1,46,/VALUATION_RESPONSE/PROPERTY/SALES_CONTRACT[@SellerIsOwnerIndicator='Y']
1,47,/VALUATION_RESPONSE/PROPERTY/SALES_CONTRACT[@SellerIsOwnerIndicator='N']
1,48,/VALUATION_RESPONSE/PROPERTY/SALES_CONTRACT/@DataSourceDescription
1,49,/VALUATION_RESPONSE/PROPERTY/SALES_CONTRACT[@SalesConcessionIndicator='Y']
1,50,/VALUATION_RESPONSE/PROPERTY/SALES_CONTRACT[@SalesConcessionIndicator='N']
1,51a,/VALUATION_RESPONSE/PROPERTY/SALES_CONTRACT/@SalesConcessionAmount
1,e-4,/VALUATION_RESPONSE/PROPERTY/SALES_CONTRACT/SALES_CONCESSION_EXTENSION/SALES_CONCESSION_EXTENSION_SECTION[@ExtensionSectionOrganizationName='UNIFORMAPPRAISALDATASET']/SALES_CONCESSION_EXTENSION_SECTION_DATA/SALES_CONCESSION/@GSEUndefinedConcessionAmountIndicator
1,51b,/VALUATION_RESPONSE/PROPERTY/SALES_CONTRACT/@SalesConcessionDescription
1,52,/VALUATION_RESPONSE/PROPERTY/NEIGHBORHOOD[@PropertyNeighborhoodLocationType='Urban']
1,53,/VALUATION_RESPONSE/PROPERTY/NEIGHBORHOOD[@PropertyNeighborhoodLocationType='Suburban']
1,54,/VALUATION_RESPONSE/PROPERTY/NEIGHBORHOOD[@PropertyNeighborhoodLocationType='Rural']
1,55,/VALUATION_RESPONSE/PROPERTY/NEIGHBORHOOD[@_BuiltupRangeType='Over75Percent']
1,56,/VALUATION_RESPONSE/PROPERTY/NEIGHBORHOOD[@_BuiltupRangeType='25To75Percent']
1,57,/VALUATION_RESPONSE/PROPERTY/NEIGHBORHOOD[@_BuiltupRangeType='Under25Percent']
1,58,/VALUATION_RESPONSE/PROPERTY/NEIGHBORHOOD[@_GrowthPaceType='Rapid']
1,59,/VALUATION_RESPONSE/PROPERTY/NEIGHBORHOOD[@_GrowthPaceType='Stable']
1,60,/VALUATION_RESPONSE/PROPERTY/NEIGHBORHOOD[@_GrowthPaceType='Slow']
1,61,/VALUATION_RESPONSE/PROPERTY/NEIGHBORHOOD[@_PropertyValueTrendType='Increasing']
1,62,/VALUATION_RESPONSE/PROPERTY/NEIGHBORHOOD[@_PropertyValueTrendType='Stable']
1,63,/VALUATION_RESPONSE/PROPERTY/NEIGHBORHOOD[@_PropertyValueTrendType='Declining']
1,64,/VALUATION_RESPONSE/PROPERTY/NEIGHBORHOOD[@_DemandSupplyType='Shortage']
1,65,/VALUATION_RESPONSE/PROPERTY/NEIGHBORHOOD[@_DemandSupplyType='InBalance']
1,66,/VALUATION_RESPONSE/PROPERTY/NEIGHBORHOOD[@_DemandSupplyType='OverSupply']
1,67,/VALUATION_RESPONSE/PROPERTY/NEIGHBORHOOD[@_TypicalMarketingTimeDurationType='UnderThreeMonths']
1,68,/VALUATION_RESPONSE/PROPERTY/NEIGHBORHOOD[@_TypicalMarketingTimeDurationType='ThreeToSixMonths']
1,69,/VALUATION_RESPONSE/PROPERTY/NEIGHBORHOOD[@_TypicalMarketingTimeDurationType='OverSixMonths']
1,70,/VALUATION_RESPONSE/PROPERTY/NEIGHBORHOOD/_HOUSING[@_Type='SingleFamily']/@_LowPriceAmount
1,71,/VALUATION_RESPONSE/PROPERTY/NEIGHBORHOOD/_HOUSING[@_Type='SingleFamily']/@_HighPriceAmount
1,72,/VALUATION_RESPONSE/PROPERTY/NEIGHBORHOOD/_HOUSING[@_Type='SingleFamily']/@_PredominantPriceAmount
1,73,/VALUATION_RESPONSE/PROPERTY/NEIGHBORHOOD/_HOUSING[@_Type='SingleFamily']/@_NewestYearsCount
1,74,/VALUATION_RESPONSE/PROPERTY/NEIGHBORHOOD/_HOUSING[@_Type='SingleFamily']/@_OldestYearsCount
1,75,/VALUATION_RESPONSE/PROPERTY/NEIGHBORHOOD/_HOUSING[@_Type='SingleFamily']/@_PredominantAgeYearsCount
1,76,/VALUATION_RESPONSE/PROPERTY/NEIGHBORHOOD/_PRESENT_LAND_USE[@_Type='SingleFamily']/@_Percent
1,77,/VALUATION_RESPONSE/PROPERTY/NEIGHBORHOOD/_PRESENT_LAND_USE[@_Type='TwoToFourFamily']/@_Percent
1,78,/VALUATION_RESPONSE/PROPERTY/NEIGHBORHOOD/_PRESENT_LAND_USE[@_Type='Apartment']/@_Percent
1,79,/VALUATION_RESPONSE/PROPERTY/NEIGHBORHOOD/_PRESENT_LAND_USE[@_Type='Commercial']/@_Percent
1,81,/VALUATION_RESPONSE/PROPERTY/NEIGHBORHOOD/_PRESENT_LAND_USE[@_Type='Other']/@_Percent
1,82,/VALUATION_RESPONSE/PROPERTY/NEIGHBORHOOD/NEIGHBORHOOD_EXTENSION/NEIGHBORHOOD_EXTENSION_SECTION[@ExtensionSectionOrganizationName='UNIFORMAPPRAISALDATASET']/NEIGHBORHOOD_EXTENSION_SECTION_DATA/NEIGHBORHOOD_BOUNDARIES/@GSENeighborhoodBoundariesDescription
1,83,/VALUATION_RESPONSE/PROPERTY/NEIGHBORHOOD/@_Description
1,84,/VALUATION_RESPONSE/PROPERTY/NEIGHBORHOOD/@_MarketConditionsDescription
1,85,/VALUATION_RESPONSE/PROPERTY/SITE/@_DimensionsDescription
1,86,/VALUATION_RESPONSE/PROPERTY/SITE/@_AreaDescription
1,87,/VALUATION_RESPONSE/PROPERTY/SITE/SITE_FEATURE[@_Type='Shape']/@_Comment
1,e-5,/VALUATION_RESPONSE/VALUATION_METHODS/SALES_COMPARISON/COMPARABLE_SALE[@PropertySequenceIdentifier='0']/COMPARISON_VIEW_OVERALL_RATING_EXTENSION/COMPARISON_VIEW_OVERALL_RATING_EXTENSION_SECTION[@ExtensionSectionOrganizationName='UNIFORMAPPRAISALDATASET']/COMPARISON_VIEW_OVERALL_RATING_EXTENSION_SECTION_DATA/COMPARISON_VIEW_OVERALL_RATING/@GSEViewOverallRatingType
1,e-6,/VALUATION_RESPONSE/VALUATION_METHODS/SALES_COMPARISON/COMPARABLE_SALE[@PropertySequenceIdentifier='0']/COMPARISON_VIEW_DETAIL_EXTENSION/COMPARISON_VIEW_DETAIL_EXTENSION_SECTION[@ExtensionSectionOrganizationName='UNIFORMAPPRAISALDATASET']/COMPARISON_VIEW_DETAIL_EXTENSION_SECTION_DATA/COMPARISON_VIEW_DETAIL[@_SequenceIdentifier='1..2']/@GSEViewType
1,e-7,/VALUATION_RESPONSE/VALUATION_METHODS/SALES_COMPARISON/COMPARABLE_SALE[@PropertySequenceIdentifier='0']/COMPARISON_VIEW_DETAIL_EXTENSION/COMPARISON_VIEW_DETAIL_EXTENSION_SECTION[@ExtensionSectionOrganizationName='UNIFORMAPPRAISALDATASET']/COMPARISON_VIEW_DETAIL_EXTENSION_SECTION_DATA/COMPARISON_VIEW_DETAIL[@GSEViewType='Other']/@GSEViewTypeOtherDescription
1,89,/VALUATION_RESPONSE/PROPERTY/SITE/@_ZoningClassificationIdentifier
1,90,/VALUATION_RESPONSE/PROPERTY/SITE/@_ZoningClassificationDescription
1,91,/VALUATION_RESPONSE/PROPERTY/SITE[@_ZoningComplianceType='Legal']
1,92,/VALUATION_RESPONSE/PROPERTY/SITE[@_ZoningComplianceType='Nonconforming']
1,93,/VALUATION_RESPONSE/PROPERTY/SITE[@_ZoningComplianceType='NoZoning']
1,94,/VALUATION_RESPONSE/PROPERTY/SITE[@_ZoningComplianceType='Illegal']
1,95,/VALUATION_RESPONSE/PROPERTY/SITE/@_ZoningComplianceDescription
1,96,/VALUATION_RESPONSE/PROPERTY/SITE[@HighestBestUseIndicator='Y']
1,97,/VALUATION_RESPONSE/PROPERTY/SITE[@HighestBestUseIndicator='N']
1,98,/VALUATION_RESPONSE/PROPERTY/SITE/@HighestBestUseDescription
1,99,/VALUATION_RESPONSE/PROPERTY/SITE/SITE_UTILITY[@_Type='Electricity']/@_PublicIndicator
1,100,/VALUATION_RESPONSE/PROPERTY/SITE/SITE_UTILITY[@_Type='Electricity']/@_NonPublicIndicator
1,101,/VALUATION_RESPONSE/PROPERTY/SITE/SITE_UTILITY[@_Type='Electricity']/@_NonPublicDescription
1,102,/VALUATION_RESPONSE/PROPERTY/SITE/SITE_UTILITY[@_Type='Gas']/@_PublicIndicator
1,103,/VALUATION_RESPONSE/PROPERTY/SITE/SITE_UTILITY[@_Type='Gas']/@_NonPublicIndicator
1,104,/VALUATION_RESPONSE/PROPERTY/SITE/SITE_UTILITY[@_Type='Gas']/@_NonPublicDescription
1,105,/VALUATION_RESPONSE/PROPERTY/SITE/SITE_UTILITY[@_Type='Water']/@_PublicIndicator
1,106,/VALUATION_RESPONSE/PROPERTY/SITE/SITE_UTILITY[@_Type='Water']/@_NonPublicIndicator
1,107,/VALUATION_RESPONSE/PROPERTY/SITE/SITE_UTILITY[@_Type='Water']/@_NonPublicDescription
1,108,/VALUATION_RESPONSE/PROPERTY/SITE/SITE_UTILITY[@_Type='SanitarySewer']/@_PublicIndicator
1,109,/VALUATION_RESPONSE/PROPERTY/SITE/SITE_UTILITY[@_Type='SanitarySewer']/@_NonPublicIndicator
1,110,/VALUATION_RESPONSE/PROPERTY/SITE/SITE_UTILITY[@_Type='SanitarySewer']/@_NonPublicDescription
1,111,/VALUATION_RESPONSE/PROPERTY/_OFF_SITE_IMPROVEMENT[@_Type='Street']/@_Description
1,112,/VALUATION_RESPONSE/PROPERTY/_OFF_SITE_IMPROVEMENT[@_Type='Street' and @_OwnershipType='Public']/@_ExistsIndicator
1,113,/VALUATION_RESPONSE/PROPERTY/_OFF_SITE_IMPROVEMENT[@_Type='Street' and @_OwnershipType='Private']/@_ExistsIndicator
1,114,/VALUATION_RESPONSE/PROPERTY/_OFF_SITE_IMPROVEMENT[@_Type='Alley']/@_Description
1,115,/VALUATION_RESPONSE/PROPERTY/_OFF_SITE_IMPROVEMENT[@_Type='Alley' and @_OwnershipType='Public']/@_ExistsIndicator
1,116,/VALUATION_RESPONSE/PROPERTY/_OFF_SITE_IMPROVEMENT[@_Type='Alley' and @_OwnershipType='Private']/@_ExistsIndicator
1,117,/VALUATION_RESPONSE/PROPERTY/SITE/FLOOD_ZONE/FLOOD_ZONE_EXTENSION/FLOOD_ZONE_EXTENSION_SECTION[@ExtensionSectionOrganizationName='UNIFORMAPPRAISALDATASET']/FLOOD_ZONE_EXTENSION_SECTION_DATA/FLOOD_ZONE_INFORMATION[@GSEFEMASpecialFloodHazardAreaIndicator='Y']
1,118,/VALUATION_RESPONSE/PROPERTY/SITE/FLOOD_ZONE/FLOOD_ZONE_EXTENSION/FLOOD_ZONE_EXTENSION_SECTION[@ExtensionSectionOrganizationName='UNIFORMAPPRAISALDATASET']/FLOOD_ZONE_EXTENSION_SECTION_DATA/FLOOD_ZONE_INFORMATION[@GSEFEMASpecialFloodHazardAreaIndicator='N']
1,119,/VALUATION_RESPONSE/PROPERTY/SITE/FLOOD_ZONE/FLOOD_ZONE_EXTENSION/FLOOD_ZONE_EXTENSION_SECTION[@ExtensionSectionOrganizationName='UNIFORMAPPRAISALDATASET']/FLOOD_ZONE_EXTENSION_SECTION_DATA/FLOOD_ZONE_INFORMATION/@GSENFIPFloodZoneIdentifier
1,120,/VALUATION_RESPONSE/PROPERTY/SITE/FLOOD_ZONE/FLOOD_ZONE_EXTENSION/FLOOD_ZONE_EXTENSION_SECTION[@ExtensionSectionOrganizationName='UNIFORMAPPRAISALDATASET']/FLOOD_ZONE_EXTENSION_SECTION_DATA/FLOOD_ZONE_INFORMATION/@GSEFEMAFloodMapIdentifier
1,121,/VALUATION_RESPONSE/PROPERTY/SITE/FLOOD_ZONE/@NFIPMapPanelDate
1,122,/VALUATION_RESPONSE/PROPERTY/PROPERTY_ANALYSIS[@_Type='UtilitiesAndOffSiteImprovementsConformToNeighborhood' and @_ExistsIndicator='Y']
1,123,/VALUATION_RESPONSE/PROPERTY/PROPERTY_ANALYSIS[@_Type='UtilitiesAndOffSiteImprovementsConformToNeighborhood' and @_ExistsIndicator='N']
1,124,/VALUATION_RESPONSE/PROPERTY/PROPERTY_ANALYSIS[@_Type='UtilitiesAndOffSiteImprovementsConformToNeighborhood']/@_Comment
1,125,/VALUATION_RESPONSE/PROPERTY/PROPERTY_ANALYSIS[@_Type='AdverseSiteConditions' and @_ExistsIndicator='Y']
1,126,/VALUATION_RESPONSE/PROPERTY/PROPERTY_ANALYSIS[@_Type='AdverseSiteConditions' and @_ExistsIndicator='N']
1,127,/VALUATION_RESPONSE/PROPERTY/PROPERTY_ANALYSIS[@_Type='AdverseSiteConditions']/@_Comment
1,128,/VALUATION_RESPONSE/PROPERTY/STRUCTURE[@LivingUnitCount='1' and @_AccessoryUnitExistsIndicator='N']
1,129,/VALUATION_RESPONSE/PROPERTY/STRUCTURE[@LivingUnitCount='1' and @_AccessoryUnitExistsIndicator='Y']
1,130,/VALUATION_RESPONSE/PROPERTY/STRUCTURE/STRUCTURE_EXTENSION/STRUCTURE_EXTENSION_SECTION[@ExtensionSectionOrganizationName='UNIFORMAPPRAISALDATASET']/STRUCTURE_EXTENSION_SECTION_DATA/STRUCTURE_INFORMATION/@GSEStoriesCount
1,131,/VALUATION_RESPONSE/PROPERTY/STRUCTURE[@AttachmentType='Detached']
1,132,/VALUATION_RESPONSE/PROPERTY/STRUCTURE[@AttachmentType='Attached']
1,133,/VALUATION_RESPONSE/PROPERTY/STRUCTURE[@AttachmentType='SemiDetached']
1,134,/VALUATION_RESPONSE/PROPERTY/STRUCTURE[@BuildingStatusType='Existing']
1,135,/VALUATION_RESPONSE/PROPERTY/STRUCTURE[@BuildingStatusType='Proposed']
1,136,/VALUATION_RESPONSE/PROPERTY/STRUCTURE[@BuildingStatusType='UnderConstruction']
1,137,/VALUATION_RESPONSE/PROPERTY/STRUCTURE/@_DesignDescription
1,e-8,/VALUATION_RESPONSE/PROPERTY/STRUCTURE/STRUCTURE_EXTENSION/STRUCTURE_EXTENSION_SECTION[@ExtensionSectionOrganizationName='UNIFORMAPPRAISALDATASET']/STRUCTURE_EXTENSION_SECTION_DATA/STRUCTURE_INFORMATION/@GSEYearBuiltEstimationIndicator
1,138,/VALUATION_RESPONSE/PROPERTY/STRUCTURE/@PropertyStructureBuiltYear
1,139,/VALUATION_RESPONSE/PROPERTY/STRUCTURE/STRUCTURE_ANALYSIS/STRUCTURE_ANALYSIS_EXTENSION/STRUCTURE_ANALYSIS_EXTENSION_SECTION[@ExtensionSectionOrganizationName='UNIFORMAPPRAISALDATASET']/STRUCTURE_ANALYSIS_EXTENSION_SECTION_DATA/EFFECTIVE_AGE/@GSEEffectiveAgeDescription
1,140,/VALUATION_RESPONSE/PROPERTY/STRUCTURE/FOUNDATION[@_Type='Slab']/@_ExistsIndicator
1,141,/VALUATION_RESPONSE/PROPERTY/STRUCTURE/FOUNDATION[@_Type='Crawlspace']/@_ExistsIndicator
1,142,/VALUATION_RESPONSE/PROPERTY/STRUCTURE/FOUNDATION[@_Type='Basement']/@_ExistsIndicator
1,143,/VALUATION_RESPONSE/PROPERTY/STRUCTURE/FOUNDATION[@_Type='PartialBasement']/@_ExistsIndicator
1,144,/VALUATION_RESPONSE/PROPERTY/STRUCTURE/BASEMENT/@SquareFeetCount
1,145,/VALUATION_RESPONSE/PROPERTY/STRUCTURE/BASEMENT/@_FinishedPercent
1,146,/VALUATION_RESPONSE/PROPERTY/STRUCTURE/BASEMENT/BASEMENT_FEATURE[@_Type='OutsideEntry']/@_ExistsIndicator
1,147,/VALUATION_RESPONSE/PROPERTY/STRUCTURE/FOUNDATION_FEATURE[@_Type='SumpPump']/@_ExistsIndicator
1,148,/VALUATION_RESPONSE/PROPERTY/STRUCTURE/FOUNDATION/_CONDITION[@_Type='Infestation']/@_ExistsIndicator
1,150,/VALUATION_RESPONSE/PROPERTY/STRUCTURE/FOUNDATION/_CONDITION[@_Type='Dampness']/@_ExistsIndicator
1,151,/VALUATION_RESPONSE/PROPERTY/STRUCTURE/FOUNDATION/_CONDITION[@_Type='Settlement']/@_ExistsIndicator
1,152,/VALUATION_RESPONSE/PROPERTY/STRUCTURE/EXTERIOR_FEATURE[@_Type='Foundation']/@_Description
1,153,/VALUATION_RESPONSE/PROPERTY/STRUCTURE/EXTERIOR_FEATURE[@_Type='Walls']/@_Description
1,154,/VALUATION_RESPONSE/PROPERTY/STRUCTURE/EXTERIOR_FEATURE[@_Type='RoofSurface']/@_Description
1,155,/VALUATION_RESPONSE/PROPERTY/STRUCTURE/EXTERIOR_FEATURE[@_Type='GuttersAndDownspouts']/@_Description
1,156,/VALUATION_RESPONSE/PROPERTY/STRUCTURE/EXTERIOR_FEATURE[@_Type='WindowType']/@_Description
1,157,/VALUATION_RESPONSE/PROPERTY/STRUCTURE/EXTERIOR_FEATURE[@_Type='WindowStormSash']/@_Description
1,158,/VALUATION_RESPONSE/PROPERTY/STRUCTURE/EXTERIOR_FEATURE[@_Type='WindowScreens']/@_Description
1,159,/VALUATION_RESPONSE/PROPERTY/STRUCTURE/INTERIOR_FEATURE[@_Type='Floors']/@_ConditionDescription
1,160,/VALUATION_RESPONSE/PROPERTY/STRUCTURE/INTERIOR_FEATURE[@_Type='Walls']/@_ConditionDescription
1,161,/VALUATION_RESPONSE/PROPERTY/STRUCTURE/INTERIOR_FEATURE[@_Type='TrimAndFinish']/@_ConditionDescription
1,162,/VALUATION_RESPONSE/PROPERTY/STRUCTURE/INTERIOR_FEATURE[@_Type='BathroomFloors']/@_ConditionDescription
1,163,/VALUATION_RESPONSE/PROPERTY/STRUCTURE/INTERIOR_FEATURE[@_Type='BathroomWainscot']/@_ConditionDescription
1,164,/VALUATION_RESPONSE/PROPERTY/STRUCTURE/ATTIC/@_ExistsIndicator
1,165,/VALUATION_RESPONSE/PROPERTY/STRUCTURE/ATTIC/ATTIC_FEATURE[@_Type='DropStair']/@_ExistsIndicator
1,166,/VALUATION_RESPONSE/PROPERTY/STRUCTURE/ATTIC/ATTIC_FEATURE[@_Type='Stairs']/@_ExistsIndicator
1,167,/VALUATION_RESPONSE/PROPERTY/STRUCTURE/ATTIC/ATTIC_FEATURE[@_Type='Floor']/@_ExistsIndicator
1,168,/VALUATION_RESPONSE/PROPERTY/STRUCTURE/ATTIC/ATTIC_FEATURE[@_Type='Scuttle']/@_ExistsIndicator
1,169,/VALUATION_RESPONSE/PROPERTY/STRUCTURE/ATTIC/ATTIC_FEATURE[@_Type='Finished']/@_ExistsIndicator
1,170,/VALUATION_RESPONSE/PROPERTY/STRUCTURE/ATTIC/ATTIC_FEATURE[@_Type='Heated']/@_ExistsIndicator
1,171,/VALUATION_RESPONSE/PROPERTY/STRUCTURE/HEATING[@_Type='ForcedWarmAir']
1,172,/VALUATION_RESPONSE/PROPERTY/STRUCTURE/HEATING[@_Type='HotWaterBaseboard']
1,173,/VALUATION_RESPONSE/PROPERTY/STRUCTURE/HEATING[@_Type='Radiant']
1,174,/VALUATION_RESPONSE/PROPERTY/STRUCTURE/HEATING[@_Type='Other']
1,175,/VALUATION_RESPONSE/PROPERTY/STRUCTURE/HEATING[@_Type='Other']/@_TypeOtherDescription
1,176,/VALUATION_RESPONSE/PROPERTY/STRUCTURE/HEATING/@_FuelDescription
1,177,/VALUATION_RESPONSE/PROPERTY/STRUCTURE/COOLING/@_CentralizedIndicator
1,178,/VALUATION_RESPONSE/PROPERTY/STRUCTURE/COOLING/@_IndividualIndicator
1,179,/VALUATION_RESPONSE/PROPERTY/STRUCTURE/COOLING/@_OtherIndicator
1,180,/VALUATION_RESPONSE/PROPERTY/STRUCTURE/COOLING/@_UnitDescription
1,181,/VALUATION_RESPONSE/PROPERTY/STRUCTURE/AMENITY[@_Type='Fireplace']/@_ExistsIndicator
1,182,/VALUATION_RESPONSE/PROPERTY/STRUCTURE/AMENITY[@_Type='Fireplace']/@_Count
1,183,/VALUATION_RESPONSE/PROPERTY/STRUCTURE/AMENITY[@_Type='Patio']/@_ExistsIndicator
1,184,/VALUATION_RESPONSE/PROPERTY/STRUCTURE/AMENITY[@_Type='Patio']/@_DetailedDescription
1,185,/VALUATION_RESPONSE/PROPERTY/STRUCTURE/AMENITY[@_Type='Pool']/@_ExistsIndicator
1,186,/VALUATION_RESPONSE/PROPERTY/STRUCTURE/AMENITY[@_Type='Pool']/@_DetailedDescription
1,187,/VALUATION_RESPONSE/PROPERTY/STRUCTURE/AMENITY[@_Type='WoodStove']/@_ExistsIndicator
1,188,/VALUATION_RESPONSE/PROPERTY/STRUCTURE/AMENITY[@_Type='WoodStove']/@_Count
1,189,/VALUATION_RESPONSE/PROPERTY/STRUCTURE/AMENITY[@_Type='Fence']/@_ExistsIndicator
1,190,/VALUATION_RESPONSE/PROPERTY/STRUCTURE/AMENITY[@_Type='Fence']/@_DetailedDescription
1,191,/VALUATION_RESPONSE/PROPERTY/STRUCTURE/AMENITY[@_Type='Porch']/@_ExistsIndicator
1,192,/VALUATION_RESPONSE/PROPERTY/STRUCTURE/AMENITY[@_Type='Porch']/@_DetailedDescription
1,193,/VALUATION_RESPONSE/PROPERTY/STRUCTURE/AMENITY[@_Type='Other']/@_ExistsIndicator
1,194,/VALUATION_RESPONSE/PROPERTY/STRUCTURE/AMENITY[@_Type='Other']/@_TypeOtherDescription
1,195,/VALUATION_RESPONSE/PROPERTY/STRUCTURE/CAR_STORAGE/@_ExistsIndicator
1,196,/VALUATION_RESPONSE/PROPERTY/STRUCTURE/CAR_STORAGE/CAR_STORAGE_LOCATION[@_Type='Driveway']/@_ExistsIndicator
1,197,/VALUATION_RESPONSE/PROPERTY/STRUCTURE/CAR_STORAGE/CAR_STORAGE_LOCATION[@_Type='Driveway']/@ParkingSpacesCount
1,198,/VALUATION_RESPONSE/PROPERTY/SITE/SITE_FEATURE[@_Type='Driveway']/@_Comment
1,199,/VALUATION_RESPONSE/PROPERTY/STRUCTURE/CAR_STORAGE/CAR_STORAGE_LOCATION[@_Type='Garage']/@_ExistsIndicator
1,200,/VALUATION_RESPONSE/PROPERTY/STRUCTURE/CAR_STORAGE/CAR_STORAGE_LOCATION[@_Type='Garage']/@ParkingSpacesCount
1,201,/VALUATION_RESPONSE/PROPERTY/STRUCTURE/CAR_STORAGE/CAR_STORAGE_LOCATION[@_Type='Carport']/@_ExistsIndicator
1,202,/VALUATION_RESPONSE/PROPERTY/STRUCTURE/CAR_STORAGE/CAR_STORAGE_LOCATION[@_Type='Carport']/@ParkingSpacesCount
1,203,VALUATION_RESPONSE/PROPERTY/STRUCTURE/CAR_STORAGE[@_AttachmentType='Attached']
1,204,/VALUATION_RESPONSE/PROPERTY/STRUCTURE/CAR_STORAGE[@_AttachmentType='Detached']
1,205,/VALUATION_RESPONSE/PROPERTY/STRUCTURE/CAR_STORAGE[@_AttachmentType='BuiltIn']
1,206,/VALUATION_RESPONSE/PROPERTY/STRUCTURE/KITCHEN_EQUIPMENT[@_Type='Refrigerator']/@_ExistsIndicator
1,207,/VALUATION_RESPONSE/PROPERTY/STRUCTURE/KITCHEN_EQUIPMENT[@_Type='RangeOven']/@_ExistsIndicator
1,208,/VALUATION_RESPONSE/PROPERTY/STRUCTURE/KITCHEN_EQUIPMENT[@_Type='Dishwasher']/@_ExistsIndicator
1,209,/VALUATION_RESPONSE/PROPERTY/STRUCTURE/KITCHEN_EQUIPMENT[@_Type='Disposal']/@_ExistsIndicator
1,210,/VALUATION_RESPONSE/PROPERTY/STRUCTURE/KITCHEN_EQUIPMENT[@_Type='Microwave']/@_ExistsIndicator
1,211,/VALUATION_RESPONSE/PROPERTY/STRUCTURE/KITCHEN_EQUIPMENT[@_Type='WasherDryer']/@_ExistsIndicator
1,212,/VALUATION_RESPONSE/PROPERTY/STRUCTURE/KITCHEN_EQUIPMENT[@_Type='Other']/@_ExistsIndicator
1,213,/VALUATION_RESPONSE/PROPERTY/STRUCTURE/KITCHEN_EQUIPMENT[@_Type='Other']/@_TypeOtherDescription
1,214,/VALUATION_RESPONSE/PROPERTY/STRUCTURE/@TotalRoomCount
1,215,/VALUATION_RESPONSE/PROPERTY/STRUCTURE/@TotalBedroomCount
1,216,/VALUATION_RESPONSE/PROPERTY/STRUCTURE/@TotalBathroomCount
1,217,/VALUATION_RESPONSE/PROPERTY/STRUCTURE/@GrossLivingAreaSquareFeetCount
1,218,/VALUATION_RESPONSE/PROPERTY/PROPERTY_ANALYSIS[@_Type='AdditionalFeatures']/@_Comment
1,e-9,/VALUATION_RESPONSE/VALUATION_METHODS/SALES_COMPARISON/COMPARABLE_SALE[@PropertySequenceIdentifier='0']/COMPARISON_DETAIL_EXTENSION/COMPARISON_DETAIL_EXTENSION_SECTION[@ExtensionSectionOrganizationName='UNIFORMAPPRAISALDATASET']/COMPARISON_DETAIL_EXTENSION_SECTION_DATA/COMPARISON_DETAIL/@GSEOverallConditionType
1,e-10,/VALUATION_RESPONSE/PROPERTY/STRUCTURE/OVERALL_CONDITION_RATING_EXTENSION/OVERALL_CONDITION_RATING_EXTENSION_SECTION[@ExtensionSectionOrganizationName='UNIFORMAPPRAISALDATASET']/OVERALL_CONDITION_RATING_EXTENSION_SECTION_DATA/OVERALL_CONDITION_RATING/@GSEUpdateLastFifteenYearIndicator
1,e-11,/VALUATION_RESPONSE/PROPERTY/STRUCTURE/CONDITION_DETAIL_EXTENSION/CONDITION_DETAIL_EXTENSION_SECTION[@ExtensionSectionOrganizationName='UNIFORMAPPRAISALDATASET']/CONDITION_DETAIL_EXTENSION_SECTION_DATA/CONDITION_DETAIL[@_SequenceIdentifier='1..2']/@GSEImprovementAreaType
1,e-12,/VALUATION_RESPONSE/PROPERTY/STRUCTURE/CONDITION_DETAIL_EXTENSION/CONDITION_DETAIL_EXTENSION_SECTION[@ExtensionSectionOrganizationName='UNIFORMAPPRAISALDATASET']/CONDITION_DETAIL_EXTENSION_SECTION_DATA/CONDITION_DETAIL[@_SequenceIdentifier='1..2']/@GSEImprovementDescriptionType
1,e-13,/VALUATION_RESPONSE/PROPERTY/STRUCTURE/CONDITION_DETAIL_EXTENSION/CONDITION_DETAIL_EXTENSION_SECTION[@ExtensionSectionOrganizationName='UNIFORMAPPRAISALDATASET']/CONDITION_DETAIL_EXTENSION_SECTION_DATA/CONDITION_DETAIL[@_SequenceIdentifier='1..2']/@GSEEstimateYearOfImprovementType
1,219,/VALUATION_RESPONSE/PROPERTY/PROPERTY_ANALYSIS[@_Type='PropertyCondition']/@_Comment
1,220,/VALUATION_RESPONSE/PROPERTY/PROPERTY_ANALYSIS[@_Type='PhysicalDeficiency' and @_ExistsIndicator='Y']
1,221,/VALUATION_RESPONSE/PROPERTY/PROPERTY_ANALYSIS[@_Type='PhysicalDeficiency' and @_ExistsIndicator='N']
1,222,/VALUATION_RESPONSE/PROPERTY/PROPERTY_ANALYSIS[@_Type='PhysicalDeficiency']/@_Comment
1,223,/VALUATION_RESPONSE/PROPERTY/PROPERTY_ANALYSIS[@_Type='ConformsToNeighborhood' and @_ExistsIndicator='Y']
1,224,/VALUATION_RESPONSE/PROPERTY/PROPERTY_ANALYSIS[@_Type='ConformsToNeighborhood' and @_ExistsIndicator='N']
1,225,/VALUATION_RESPONSE/PROPERTY/PROPERTY_ANALYSIS[@_Type='ConformsToNeighborhood']/@_Comment
2,2,/VALUATION_RESPONSE/REPORT/@_TitleDescription
2,3,/VALUATION_RESPONSE/REPORT/@AppraiserFileIdentifier
2,4,/VALUATION_RESPONSE/REPORT/@AppraiserAdditionalFileIdentifierName
2,4a,/VALUATION_RESPONSE/REPORT/@AppraiserAdditionalFileIdentifier
2,5,/VALUATION_RESPONSE/VALUATION_METHODS/SALES_COMPARISON/RESEARCH/@ComparableListingsResearchedCount
2,6,/VALUATION_RESPONSE/VALUATION_METHODS/SALES_COMPARISON/RESEARCH/@ComparableListingsPriceRangeLowAmount
2,7,/VALUATION_RESPONSE/VALUATION_METHODS/SALES_COMPARISON/RESEARCH/@ComparableListingsPriceRangeHighAmount
2,8,/VALUATION_RESPONSE/VALUATION_METHODS/SALES_COMPARISON/RESEARCH/@ComparableSalesResearchedCount
2,9,/VALUATION_RESPONSE/VALUATION_METHODS/SALES_COMPARISON/RESEARCH/@ComparableSalesPriceRangeLowAmount
2,10,/VALUATION_RESPONSE/VALUATION_METHODS/SALES_COMPARISON/RESEARCH/@ComparableSalesPriceRangeHighAmount
2,11,/VALUATION_RESPONSE/PROPERTY/@_StreetAddress
2,12a,/VALUATION_RESPONSE/PROPERTY/@_City
2,12b,/VALUATION_RESPONSE/PROPERTY/@_State
2,12c,/VALUATION_RESPONSE/PROPERTY/@_PostalCode
2,13,/VALUATION_RESPONSE/VALUATION_METHODS/SALES_COMPARISON/COMPARABLE_SALE[@PropertySequenceIdentifier='0']/@PropertySalesAmount
2,14,/VALUATION_RESPONSE/VALUATION_METHODS/SALES_COMPARISON/COMPARABLE_SALE[@PropertySequenceIdentifier='0']/@SalesPricePerGrossLivingAreaAmount
2,e-14,/VALUATION_RESPONSE/VALUATION_METHODS/SALES_COMPARISON/COMPARABLE_SALE[@PropertySequenceIdentifier='0']/COMPARISON_LOCATION_OVERALL_RATING_EXTENSION/COMPARISON_LOCATION_OVERALL_RATING_EXTENSION_SECTION[@ExtensionSectionOrganizationName='UNIFORMAPPRAISALDATASET']/COMPARISON_LOCATION_OVERALL_RATING_EXTENSION_SECTION_DATA/COMPARISON_LOCATION_OVERALL_RATING/@GSEOverallLocationRatingType
2,e-15,/VALUATION_RESPONSE/VALUATION_METHODS/SALES_COMPARISON/COMPARABLE_SALE[@PropertySequenceIdentifier='0']/COMPARISON_LOCATION_DETAIL_EXTENSION/COMPARISON_LOCATION_DETAIL_EXTENSION_SECTION[@ExtensionSectionOrganizationName='UNIFORMAPPRAISALDATASET']/COMPARISON_LOCATION_DETAIL_EXTENSION_SECTION_DATA/COMPARISON_LOCATION_DETAIL[@_SequenceIdentifier='1..2']/@GSELocationType
2,e-16,/VALUATION_RESPONSE/VALUATION_METHODS/SALES_COMPARISON/COMPARABLE_SALE[@PropertySequenceIdentifier='0']/COMPARISON_LOCATION_DETAIL_EXTENSION/COMPARISON_LOCATION_DETAIL_EXTENSION_SECTION[@ExtensionSectionOrganizationName='UNIFORMAPPRAISALDATASET']/COMPARISON_LOCATION_DETAIL_EXTENSION_SECTION_DATA/COMPARISON_LOCATION_DETAIL[@GSELocationType='Other']/@GSELocationTypeOtherDescription
2,21,/VALUATION_RESPONSE/VALUATION_METHODS/SALES_COMPARISON/COMPARABLE_SALE[@PropertySequenceIdentifier='0']/SALE_PRICE_ADJUSTMENT[@_Type='PropertyRights']/@_Description
2,22,/VALUATION_RESPONSE/VALUATION_METHODS/SALES_COMPARISON/COMPARABLE_SALE[@PropertySequenceIdentifier='0']/SALE_PRICE_ADJUSTMENT[@_Type='SiteArea']/@_Description
2,e-5,/VALUATION_RESPONSE/VALUATION_METHODS/SALES_COMPARISON/COMPARABLE_SALE[@PropertySequenceIdentifier='0']/COMPARISON_VIEW_OVERALL_RATING_EXTENSION/COMPARISON_VIEW_OVERALL_RATING_EXTENSION_SECTION[@ExtensionSectionOrganizationName='UNIFORMAPPRAISALDATASET']/COMPARISON_VIEW_OVERALL_RATING_EXTENSION_SECTION_DATA/COMPARISON_VIEW_OVERALL_RATING/@GSEViewOverallRatingType
2,e-6,/VALUATION_RESPONSE/VALUATION_METHODS/SALES_COMPARISON/COMPARABLE_SALE[@PropertySequenceIdentifier='0']/COMPARISON_VIEW_DETAIL_EXTENSION/COMPARISON_VIEW_DETAIL_EXTENSION_SECTION[@ExtensionSectionOrganizationName='UNIFORMAPPRAISALDATASET']/COMPARISON_VIEW_DETAIL_EXTENSION_SECTION_DATA/COMPARISON_VIEW_DETAIL[@_SequenceIdentifier='1..2']/@GSEViewType
2,e-7,/VALUATION_RESPONSE/VALUATION_METHODS/SALES_COMPARISON/COMPARABLE_SALE[@PropertySequenceIdentifier='0']/COMPARISON_VIEW_DETAIL_EXTENSION/COMPARISON_VIEW_DETAIL_EXTENSION_SECTION[@ExtensionSectionOrganizationName='UNIFORMAPPRAISALDATASET']/COMPARISON_VIEW_DETAIL_EXTENSION_SECTION_DATA/COMPARISON_VIEW_DETAIL[@GSEViewType='Other']/@GSEViewTypeOtherDescription
2,24,/VALUATION_RESPONSE/VALUATION_METHODS/SALES_COMPARISON/COMPARABLE_SALE[@PropertySequenceIdentifier='0']/SALE_PRICE_ADJUSTMENT[@_Type='DesignStyle']/@_Description
2,25,/VALUATION_RESPONSE/VALUATION_METHODS/SALES_COMPARISON/COMPARABLE_SALE[@PropertySequenceIdentifier='0']/COMPARISON_DETAIL_EXTENSION/COMPARISON_DETAIL_EXTENSION_SECTION[@ExtensionSectionOrganizationName='UNIFORMAPPRAISALDATASET']/COMPARISON_DETAIL_EXTENSION_SECTION_DATA/COMPARISON_DETAIL/@GSEQualityOfConstructionRatingType
2,e-17,/VALUATION_RESPONSE/VALUATION_METHODS/SALES_COMPARISON/COMPARABLE_SALE[@PropertySequenceIdentifier='0']/COMPARISON_DETAIL_EXTENSION/COMPARISON_DETAIL_EXTENSION_SECTION[@ExtensionSectionOrganizationName='UNIFORMAPPRAISALDATASET']/COMPARISON_DETAIL_EXTENSION_SECTION_DATA/COMPARISON_DETAIL/@GSEAgeEstimationIndicator
2,26,/VALUATION_RESPONSE/VALUATION_METHODS/SALES_COMPARISON/COMPARABLE_SALE[@PropertySequenceIdentifier='0']/SALE_PRICE_ADJUSTMENT[@_Type='Age']/@_Description
2,27,/VALUATION_RESPONSE/VALUATION_METHODS/SALES_COMPARISON/COMPARABLE_SALE[@PropertySequenceIdentifier='0']/COMPARISON_DETAIL_EXTENSION/COMPARISON_DETAIL_EXTENSION_SECTION[@ExtensionSectionOrganizationName='UNIFORMAPPRAISALDATASET']/COMPARISON_DETAIL_EXTENSION_SECTION_DATA/COMPARISON_DETAIL/@GSEOverallConditionType
2,28,/VALUATION_RESPONSE/VALUATION_METHODS/SALES_COMPARISON/COMPARABLE_SALE[@PropertySequenceIdentifier='0']/ROOM_ADJUSTMENT/@TotalRoomCount
2,29,/VALUATION_RESPONSE/VALUATION_METHODS/SALES_COMPARISON/COMPARABLE_SALE[@PropertySequenceIdentifier='0']/ROOM_ADJUSTMENT/@TotalBedroomCount
2,30,/VALUATION_RESPONSE/VALUATION_METHODS/SALES_COMPARISON/COMPARABLE_SALE[@PropertySequenceIdentifier='0']/ROOM_ADJUSTMENT/@TotalBathroomCount
2,31,/VALUATION_RESPONSE/VALUATION_METHODS/SALES_COMPARISON/COMPARABLE_SALE[@PropertySequenceIdentifier='0']/SALE_PRICE_ADJUSTMENT[@_Type='GrossLivingArea']/@_Description
2,e-18,/VALUATION_RESPONSE/VALUATION_METHODS/SALES_COMPARISON/COMPARABLE_SALE[@PropertySequenceIdentifier='0']/COMPARISON_DETAIL_EXTENSION/COMPARISON_DETAIL_EXTENSION_SECTION[@ExtensionSectionOrganizationName='UNIFORMAPPRAISALDATASET']/COMPARISON_DETAIL_EXTENSION_SECTION_DATA/COMPARISON_DETAIL/@GSEBelowGradeTotalSquareFeetNumber
2,e-19,/VALUATION_RESPONSE/VALUATION_METHODS/SALES_COMPARISON/COMPARABLE_SALE[@PropertySequenceIdentifier='0']/COMPARISON_DETAIL_EXTENSION/COMPARISON_DETAIL_EXTENSION_SECTION[@ExtensionSectionOrganizationName='UNIFORMAPPRAISALDATASET']/COMPARISON_DETAIL_EXTENSION_SECTION_DATA/COMPARISON_DETAIL/@GSEBelowGradeFinishSquareFeetNumber
2,e-20,/VALUATION_RESPONSE/VALUATION_METHODS/SALES_COMPARISON/COMPARABLE_SALE[@PropertySequenceIdentifier='0']/COMPARISON_DETAIL_EXTENSION/COMPARISON_DETAIL_EXTENSION_SECTION[@ExtensionSectionOrganizationName='UNIFORMAPPRAISALDATASET']/COMPARISON_DETAIL_EXTENSION_SECTION_DATA/COMPARISON_DETAIL/@GSEBasementExitType
2,e-21,/VALUATION_RESPONSE/VALUATION_METHODS/SALES_COMPARISON/COMPARABLE_SALE[@PropertySequenceIdentifier='0']/COMPARISON_DETAIL_EXTENSION/COMPARISON_DETAIL_EXTENSION_SECTION[@ExtensionSectionOrganizationName='UNIFORMAPPRAISALDATASET']/COMPARISON_DETAIL_EXTENSION_SECTION_DATA/COMPARISON_DETAIL/@GSEBelowGradeRecreationRoomCount
2,e-22,/VALUATION_RESPONSE/VALUATION_METHODS/SALES_COMPARISON/COMPARABLE_SALE[@PropertySequenceIdentifier='0']/COMPARISON_DETAIL_EXTENSION/COMPARISON_DETAIL_EXTENSION_SECTION[@ExtensionSectionOrganizationName='UNIFORMAPPRAISALDATASET']/COMPARISON_DETAIL_EXTENSION_SECTION_DATA/COMPARISON_DETAIL/@GSEBelowGradeBedroomRoomCount
2,e-23,/VALUATION_RESPONSE/VALUATION_METHODS/SALES_COMPARISON/COMPARABLE_SALE[@PropertySequenceIdentifier='0']/COMPARISON_DETAIL_EXTENSION/COMPARISON_DETAIL_EXTENSION_SECTION[@ExtensionSectionOrganizationName='UNIFORMAPPRAISALDATASET']/COMPARISON_DETAIL_EXTENSION_SECTION_DATA/COMPARISON_DETAIL/@GSEBelowGradeBathroomRoomCount
2,e-24,/VALUATION_RESPONSE/VALUATION_METHODS/SALES_COMPARISON/COMPARABLE_SALE[@PropertySequenceIdentifier='0']/COMPARISON_DETAIL_EXTENSION/COMPARISON_DETAIL_EXTENSION_SECTION[@ExtensionSectionOrganizationName='UNIFORMAPPRAISALDATASET']/COMPARISON_DETAIL_EXTENSION_SECTION_DATA/COMPARISON_DETAIL/@GSEBelowGradeOtherRoomCount
2,34,/VALUATION_RESPONSE/VALUATION_METHODS/SALES_COMPARISON/COMPARABLE_SALE[@PropertySequenceIdentifier='0']/SALE_PRICE_ADJUSTMENT[@_Type='FunctionalUtility']/@_Description
2,35,/VALUATION_RESPONSE/VALUATION_METHODS/SALES_COMPARISON/COMPARABLE_SALE[@PropertySequenceIdentifier='0']/SALE_PRICE_ADJUSTMENT[@_Type='HeatingCooling']/@_Description
2,36,/VALUATION_RESPONSE/VALUATION_METHODS/SALES_COMPARISON/COMPARABLE_SALE[@PropertySequenceIdentifier='0']/SALE_PRICE_ADJUSTMENT[@_Type='EnergyEfficient']/@_Description
2,37,/VALUATION_RESPONSE/VALUATION_METHODS/SALES_COMPARISON/COMPARABLE_SALE[@PropertySequenceIdentifier='0']/SALE_PRICE_ADJUSTMENT[@_Type='CarStorage']/@_Description
2,38,/VALUATION_RESPONSE/VALUATION_METHODS/SALES_COMPARISON/COMPARABLE_SALE[@PropertySequenceIdentifier='0']/SALE_PRICE_ADJUSTMENT[@_Type='PorchDeck']/@_Description
2,39,/VALUATION_RESPONSE/VALUATION_METHODS/SALES_COMPARISON/COMPARABLE_SALE[@PropertySequenceIdentifier='0']/SALE_PRICE_ADJUSTMENT[@_Type='Other'][1]/@_TypeOtherDescription
2,40,/VALUATION_RESPONSE/VALUATION_METHODS/SALES_COMPARISON/COMPARABLE_SALE[@PropertySequenceIdentifier='0']/SALE_PRICE_ADJUSTMENT[@_Type='Other'][1]/@_Description
2,41,/VALUATION_RESPONSE/VALUATION_METHODS/SALES_COMPARISON/COMPARABLE_SALE[@PropertySequenceIdentifier='0']/SALE_PRICE_ADJUSTMENT[@_Type='Other'][2]/@_TypeOtherDescription
2,42,/VALUATION_RESPONSE/VALUATION_METHODS/SALES_COMPARISON/COMPARABLE_SALE[@PropertySequenceIdentifier='0']/SALE_PRICE_ADJUSTMENT[@_Type='Other'][2]/@_Description
2,43,/VALUATION_RESPONSE/VALUATION_METHODS/SALES_COMPARISON/COMPARABLE_SALE[@PropertySequenceIdentifier='0']/SALE_PRICE_ADJUSTMENT[@_Type='Other'][3]/@_TypeOtherDescription
2,44,/VALUATION_RESPONSE/VALUATION_METHODS/SALES_COMPARISON/COMPARABLE_SALE[@PropertySequenceIdentifier='0']/SALE_PRICE_ADJUSTMENT[@_Type='Other'][3]/@_Description
2,45,/VALUATION_RESPONSE/VALUATION_METHODS/SALES_COMPARISON/COMPARABLE_SALE[@PropertySequenceIdentifier='1..N']/LOCATION/@PropertyStreetAddress
2,46a,/VALUATION_RESPONSE/VALUATION_METHODS/SALES_COMPARISON/COMPARABLE_SALE[@PropertySequenceIdentifier='1..N']/LOCATION/@PropertyCity
2,46b,/VALUATION_RESPONSE/VALUATION_METHODS/SALES_COMPARISON/COMPARABLE_SALE[@PropertySequenceIdentifier='1..N']/LOCATION/@PropertyState
2,46c,/VALUATION_RESPONSE/VALUATION_METHODS/SALES_COMPARISON/COMPARABLE_SALE[@PropertySequenceIdentifier='1..N']/LOCATION/@PropertyPostalCode
2,47,/VALUATION_RESPONSE/VALUATION_METHODS/SALES_COMPARISON/COMPARABLE_SALE[@PropertySequenceIdentifier='1..N']/LOCATION/@ProximityToSubjectDescription
2,48,/VALUATION_RESPONSE/VALUATION_METHODS/SALES_COMPARISON/COMPARABLE_SALE[@PropertySequenceIdentifier='1..N']/@PropertySalesAmount
2,49,/VALUATION_RESPONSE/VALUATION_METHODS/SALES_COMPARISON/COMPARABLE_SALE[@PropertySequenceIdentifier='1..N']/@SalesPricePerGrossLivingAreaAmount
2,e-25,/VALUATION_RESPONSE/VALUATION_METHODS/SALES_COMPARISON/COMPARABLE_SALE[@PropertySequenceIdentifier='1..N']/COMPARISON_DETAIL_EXTENSION/COMPARISON_DETAIL_EXTENSION_SECTION[@ExtensionSectionOrganizationName='UNIFORMAPPRAISALDATASET']/COMPARISON_DETAIL_EXTENSION_SECTION_DATA/COMPARISON_DETAIL/@GSEDataSourceDescription
2,e-2,/VALUATION_RESPONSE/VALUATION_METHODS/SALES_COMPARISON/COMPARABLE_SALE[@PropertySequenceIdentifier='1..N']/COMPARISON_DETAIL_EXTENSION/COMPARISON_DETAIL_EXTENSION_SECTION[@ExtensionSectionOrganizationName='UNIFORMAPPRAISALDATASET']/COMPARISON_DETAIL_EXTENSION_SECTION_DATA/COMPARISON_DETAIL/@GSEDaysOnMarketDescription
2,51,/VALUATION_RESPONSE/VALUATION_METHODS/SALES_COMPARISON/COMPARABLE_SALE[@PropertySequenceIdentifier='1..N']/@DataSourceVerificationDescription
2,52,/VALUATION_RESPONSE/VALUATION_METHODS/SALES_COMPARISON/COMPARABLE_SALE[@PropertySequenceIdentifier='1..N']/COMPARISON_DETAIL_EXTENSION/COMPARISON_DETAIL_EXTENSION_SECTION[@ExtensionSectionOrganizationName='UNIFORMAPPRAISALDATASET']/COMPARISON_DETAIL_EXTENSION_SECTION_DATA/COMPARISON_DETAIL/@GSESaleType
2,53,/VALUATION_RESPONSE/VALUATION_METHODS/SALES_COMPARISON/COMPARABLE_SALE[@PropertySequenceIdentifier='1..N']/SALE_PRICE_ADJUSTMENT[@_Type='SalesConcessions']/@_Amount
2,e-26,/VALUATION_RESPONSE/VALUATION_METHODS/SALES_COMPARISON/COMPARABLE_SALE[@PropertySequenceIdentifier='1..N']/COMPARISON_DETAIL_EXTENSION/COMPARISON_DETAIL_EXTENSION_SECTION[@ExtensionSectionOrganizationName='UNIFORMAPPRAISALDATASET']/COMPARISON_DETAIL_EXTENSION_SECTION_DATA/COMPARISON_DETAIL/@GSEFinancingType
2,e-27,/VALUATION_RESPONSE/VALUATION_METHODS/SALES_COMPARISON/COMPARABLE_SALE[@PropertySequenceIdentifier='1..N']/COMPARISON_DETAIL_EXTENSION/COMPARISON_DETAIL_EXTENSION_SECTION[@ExtensionSectionOrganizationName='UNIFORMAPPRAISALDATASET']/COMPARISON_DETAIL_EXTENSION_SECTION_DATA/COMPARISON_DETAIL/@GSEFinancingTypeOtherDescription
2,e-28,/VALUATION_RESPONSE/VALUATION_METHODS/SALES_COMPARISON/COMPARABLE_SALE[@PropertySequenceIdentifier='1..N']/COMPARISON_DETAIL_EXTENSION/COMPARISON_DETAIL_EXTENSION_SECTION[@ExtensionSectionOrganizationName='UNIFORMAPPRAISALDATASET']/COMPARISON_DETAIL_EXTENSION_SECTION_DATA/COMPARISON_DETAIL/@GSEConcessionAmount
2,55,/VALUATION_RESPONSE/VALUATION_METHODS/SALES_COMPARISON/COMPARABLE_SALE[@PropertySequenceIdentifier='1..N']/SALE_PRICE_ADJUSTMENT[@_Type='FinancingConcessions']/@_Amount
2,e-29,/VALUATION_RESPONSE/VALUATION_METHODS/SALES_COMPARISON/COMPARABLE_SALE[@PropertySequenceIdentifier='1..N']/COMPARISON_DETAIL_EXTENSION/COMPARISON_DETAIL_EXTENSION_SECTION[@ExtensionSectionOrganizationName='UNIFORMAPPRAISALDATASET']/COMPARISON_DETAIL_EXTENSION_SECTION_DATA/COMPARISON_DETAIL/@GSEListingStatusType
2,e-30,/VALUATION_RESPONSE/VALUATION_METHODS/SALES_COMPARISON/COMPARABLE_SALE[@PropertySequenceIdentifier='1..N']/COMPARISON_DATE_EXTENSION/COMPARISON_DATE_EXTENSION_SECTION[@ExtensionSectionOrganizationName='UNIFORMAPPRAISALDATASET']/COMPARISON_DATE_EXTENSION_SECTION_DATA/OFFERING_DISPOSITION/@GSEShortDateDescription
2,e-31,/VALUATION_RESPONSE/VALUATION_METHODS/SALES_COMPARISON/COMPARABLE_SALE[@PropertySequenceIdentifier='1..N']/COMPARISON_DETAIL_EXTENSION/COMPARISON_DETAIL_EXTENSION_SECTION[@ExtensionSectionOrganizationName='UNIFORMAPPRAISALDATASET']/COMPARISON_DETAIL_EXTENSION_SECTION_DATA/COMPARISON_DETAIL/@GSEContractDateUnknownIndicator
2,57,/VALUATION_RESPONSE/VALUATION_METHODS/SALES_COMPARISON/COMPARABLE_SALE[@PropertySequenceIdentifier='1..N']/SALE_PRICE_ADJUSTMENT[@_Type='DateOfSale']/@_Amount
2,e-14,/VALUATION_RESPONSE/VALUATION_METHODS/SALES_COMPARISON/COMPARABLE_SALE[@PropertySequenceIdentifier='1..N']/COMPARISON_LOCATION_OVERALL_RATING_EXTENSION/COMPARISON_LOCATION_OVERALL_RATING_EXTENSION_SECTION[@ExtensionSectionOrganizationName='UNIFORMAPPRAISALDATASET']/COMPARISON_LOCATION_OVERALL_RATING_EXTENSION_SECTION_DATA/COMPARISON_LOCATION_OVERALL_RATING/@GSEOverallLocationRatingType
2,e-15,/VALUATION_RESPONSE/VALUATION_METHODS/SALES_COMPARISON/COMPARABLE_SALE[@PropertySequenceIdentifier='1..N']/COMPARISON_LOCATION_DETAIL_EXTENSION/COMPARISON_LOCATION_DETAIL_EXTENSION_SECTION[@ExtensionSectionOrganizationName='UNIFORMAPPRAISALDATASET']/COMPARISON_LOCATION_DETAIL_EXTENSION_SECTION_DATA/COMPARISON_LOCATION_DETAIL[@_SequenceIdentifier='1..2']/@GSELocationType
2,e-16,/VALUATION_RESPONSE/VALUATION_METHODS/SALES_COMPARISON/COMPARABLE_SALE[@PropertySequenceIdentifier='1..N']/COMPARISON_LOCATION_DETAIL_EXTENSION/COMPARISON_LOCATION_DETAIL_EXTENSION_SECTION[@ExtensionSectionOrganizationName='UNIFORMAPPRAISALDATASET']/COMPARISON_LOCATION_DETAIL_EXTENSION_SECTION_DATA/COMPARISON_LOCATION_DETAIL[@GSELocationType='Other']
2,59,/VALUATION_RESPONSE/VALUATION_METHODS/SALES_COMPARISON/COMPARABLE_SALE[@PropertySequenceIdentifier='1..N']/SALE_PRICE_ADJUSTMENT[@_Type='Location']/@_Amount
2,60,/VALUATION_RESPONSE/VALUATION_METHODS/SALES_COMPARISON/COMPARABLE_SALE[@PropertySequenceIdentifier='1..N']/SALE_PRICE_ADJUSTMENT[@_Type='PropertyRights']/@_Description
2,61,/VALUATION_RESPONSE/VALUATION_METHODS/SALES_COMPARISON/COMPARABLE_SALE[@PropertySequenceIdentifier='1..N']/SALE_PRICE_ADJUSTMENT[@_Type='PropertyRights']/@_Amount
2,62,/VALUATION_RESPONSE/VALUATION_METHODS/SALES_COMPARISON/COMPARABLE_SALE[@PropertySequenceIdentifier='1..N']/SALE_PRICE_ADJUSTMENT[@_Type='SiteArea']/@_Description
2,63,/VALUATION_RESPONSE/VALUATION_METHODS/SALES_COMPARISON/COMPARABLE_SALE[@PropertySequenceIdentifier='1..N']/SALE_PRICE_ADJUSTMENT[@_Type='SiteArea']/@_Amount
2,e-5,/VALUATION_RESPONSE/VALUATION_METHODS/SALES_COMPARISON/COMPARABLE_SALE[@PropertySequenceIdentifier='1..N']/COMPARISON_VIEW_OVERALL_RATING_EXTENSION/COMPARISON_VIEW_OVERALL_RATING_EXTENSION_SECTION[@ExtensionSectionOrganizationName='UNIFORMAPPRAISALDATASET']/COMPARISON_VIEW_OVERALL_RATING_EXTENSION_SECTION_DATA/COMPARISON_VIEW_OVERALL_RATING/@GSEViewOverallRatingType
2,e-6,/VALUATION_RESPONSE/VALUATION_METHODS/SALES_COMPARISON/COMPARABLE_SALE[@PropertySequenceIdentifier='1..N']/COMPARISON_VIEW_DETAIL_EXTENSION/COMPARISON_VIEW_DETAIL_EXTENSION_SECTION[@ExtensionSectionOrganizationName='UNIFORMAPPRAISALDATASET']/COMPARISON_VIEW_DETAIL_EXTENSION_SECTION_DATA/COMPARISON_VIEW_DETAIL[@_SequenceIdentifier='1..2']/@GSEViewType
2,e-7,/VALUATION_RESPONSE/VALUATION_METHODS/SALES_COMPARISON/COMPARABLE_SALE[@PropertySequenceIdentifier='1..N']/COMPARISON_VIEW_DETAIL_EXTENSION/COMPARISON_VIEW_DETAIL_EXTENSION_SECTION[@ExtensionSectionOrganizationName='UNIFORMAPPRAISALDATASET']/COMPARISON_VIEW_DETAIL_EXTENSION_SECTION_DATA/COMPARISON_VIEW_DETAIL[@GSEViewType='Other']/@GSEViewTypeOtherDescription
2,65,/VALUATION_RESPONSE/VALUATION_METHODS/SALES_COMPARISON/COMPARABLE_SALE[@PropertySequenceIdentifier='1..N']/SALE_PRICE_ADJUSTMENT[@_Type='View']/@_Amount
2,66,/VALUATION_RESPONSE/VALUATION_METHODS/SALES_COMPARISON/COMPARABLE_SALE[@PropertySequenceIdentifier='1..N']/SALE_PRICE_ADJUSTMENT[@_Type='DesignStyle']/@_Description
2,67,/VALUATION_RESPONSE/VALUATION_METHODS/SALES_COMPARISON/COMPARABLE_SALE[@PropertySequenceIdentifier='1..N']/SALE_PRICE_ADJUSTMENT[@_Type='DesignStyle']/@_Amount
2,68,/VALUATION_RESPONSE/VALUATION_METHODS/SALES_COMPARISON/COMPARABLE_SALE[@PropertySequenceIdentifier='1..N']/COMPARISON_DETAIL_EXTENSION/COMPARISON_DETAIL_EXTENSION_SECTION[@ExtensionSectionOrganizationName='UNIFORMAPPRAISALDATASET']/COMPARISON_DETAIL_EXTENSION_SECTION_DATA/COMPARISON_DETAIL/@GSEQualityOfConstructionRatingType
2,69,/VALUATION_RESPONSE/VALUATION_METHODS/SALES_COMPARISON/COMPARABLE_SALE[@PropertySequenceIdentifier='1..N']/SALE_PRICE_ADJUSTMENT[@_Type='Quality']/@_Amount
2,e-17,/VALUATION_RESPONSE/VALUATION_METHODS/SALES_COMPARISON/COMPARABLE_SALE[@PropertySequenceIdentifier='1..N']/COMPARISON_DETAIL_EXTENSION/COMPARISON_DETAIL_EXTENSION_SECTION[@ExtensionSectionOrganizationName='UNIFORMAPPRAISALDATASET']/COMPARISON_DETAIL_EXTENSION_SECTION_DATA/COMPARISON_DETAIL/@GSEAgeEstimationIndicator
2,70,/VALUATION_RESPONSE/VALUATION_METHODS/SALES_COMPARISON/COMPARABLE_SALE[@PropertySequenceIdentifier='1..N']/SALE_PRICE_ADJUSTMENT[@_Type='Age']/@_Description
2,71,/VALUATION_RESPONSE/VALUATION_METHODS/SALES_COMPARISON/COMPARABLE_SALE[@PropertySequenceIdentifier='1..N']/SALE_PRICE_ADJUSTMENT[@_Type='Age']/@_Amount
2,72,/VALUATION_RESPONSE/VALUATION_METHODS/SALES_COMPARISON/COMPARABLE_SALE[@PropertySequenceIdentifier='1..N']/COMPARISON_DETAIL_EXTENSION/COMPARISON_DETAIL_EXTENSION_SECTION[@ExtensionSectionOrganizationName='UNIFORMAPPRAISALDATASET']/COMPARISON_DETAIL_EXTENSION_SECTION_DATA/COMPARISON_DETAIL/@GSEOverallConditionType
2,73,/VALUATION_RESPONSE/VALUATION_METHODS/SALES_COMPARISON/COMPARABLE_SALE[@PropertySequenceIdentifier='1..N']/SALE_PRICE_ADJUSTMENT[@_Type='Condition']/@_Amount
2,74,/VALUATION_RESPONSE/VALUATION_METHODS/SALES_COMPARISON/COMPARABLE_SALE[@PropertySequenceIdentifier='1..N']/SALE_PRICE_ADJUSTMENT[@_Type='Other' and @_TypeOtherDescription='RoomAboveGradeLine1']/@_Amount
2,75,/VALUATION_RESPONSE/VALUATION_METHODS/SALES_COMPARISON/COMPARABLE_SALE[@PropertySequenceIdentifier='1..N']/ROOM_ADJUSTMENT/@TotalRoomCount
2,76,/VALUATION_RESPONSE/VALUATION_METHODS/SALES_COMPARISON/COMPARABLE_SALE[@PropertySequenceIdentifier='1..N']/ROOM_ADJUSTMENT/@TotalBedroomCount
2,77,/VALUATION_RESPONSE/VALUATION_METHODS/SALES_COMPARISON/COMPARABLE_SALE[@PropertySequenceIdentifier='1..N']/ROOM_ADJUSTMENT/@TotalBathroomCount
2,78,/VALUATION_RESPONSE/VALUATION_METHODS/SALES_COMPARISON/COMPARABLE_SALE[@PropertySequenceIdentifier='1..N']/SALE_PRICE_ADJUSTMENT[@_Type='Other' and @_TypeOtherDescription='RoomAboveGradeLine2']/@_Amount
2,79,/VALUATION_RESPONSE/VALUATION_METHODS/SALES_COMPARISON/COMPARABLE_SALE[@PropertySequenceIdentifier='1..N']/SALE_PRICE_ADJUSTMENT[@_Type='GrossLivingArea']/@_Description
2,80,/VALUATION_RESPONSE/VALUATION_METHODS/SALES_COMPARISON/COMPARABLE_SALE[@PropertySequenceIdentifier='1..N']/SALE_PRICE_ADJUSTMENT[@_Type='GrossLivingArea']/@_Amount
2,e-18,/VALUATION_RESPONSE/VALUATION_METHODS/SALES_COMPARISON/COMPARABLE_SALE[@PropertySequenceIdentifier='1..N']/COMPARISON_DETAIL_EXTENSION/COMPARISON_DETAIL_EXTENSION_SECTION[@ExtensionSectionOrganizationName='UNIFORMAPPRAISALDATASET']/COMPARISON_DETAIL_EXTENSION_SECTION_DATA/COMPARISON_DETAIL/@GSEBelowGradeTotalSquareFeetNumber
2,e-19,/VALUATION_RESPONSE/VALUATION_METHODS/SALES_COMPARISON/COMPARABLE_SALE[@PropertySequenceIdentifier='1..N']/COMPARISON_DETAIL_EXTENSION/COMPARISON_DETAIL_EXTENSION_SECTION[@ExtensionSectionOrganizationName='UNIFORMAPPRAISALDATASET']/COMPARISON_DETAIL_EXTENSION_SECTION_DATA/COMPARISON_DETAIL/@GSEBelowGradeFinishSquareFeetNumber
2,e-20,/VALUATION_RESPONSE/VALUATION_METHODS/SALES_COMPARISON/COMPARABLE_SALE[@PropertySequenceIdentifier='1..N']/COMPARISON_DETAIL_EXTENSION/COMPARISON_DETAIL_EXTENSION_SECTION[@ExtensionSectionOrganizationName='UNIFORMAPPRAISALDATASET']/COMPARISON_DETAIL_EXTENSION_SECTION_DATA/COMPARISON_DETAIL/@GSEBasementExitType
2,82,/VALUATION_RESPONSE/VALUATION_METHODS/SALES_COMPARISON/COMPARABLE_SALE[@PropertySequenceIdentifier='1..N']/SALE_PRICE_ADJUSTMENT[@_Type='BasementArea']/@_Amount
2,e-21,/VALUATION_RESPONSE/VALUATION_METHODS/SALES_COMPARISON/COMPARABLE_SALE[@PropertySequenceIdentifier='1..N']/COMPARISON_DETAIL_EXTENSION/COMPARISON_DETAIL_EXTENSION_SECTION[@ExtensionSectionOrganizationName='UNIFORMAPPRAISALDATASET']/COMPARISON_DETAIL_EXTENSION_SECTION_DATA/COMPARISON_DETAIL/@GSEBelowGradeRecreationRoomCount
2,e-22,/VALUATION_RESPONSE/VALUATION_METHODS/SALES_COMPARISON/COMPARABLE_SALE[@PropertySequenceIdentifier='1..N']/COMPARISON_DETAIL_EXTENSION/COMPARISON_DETAIL_EXTENSION_SECTION[@ExtensionSectionOrganizationName='UNIFORMAPPRAISALDATASET']/COMPARISON_DETAIL_EXTENSION_SECTION_DATA/COMPARISON_DETAIL/@GSEBelowGradeBedroomRoomCount
2,e-23,/VALUATION_RESPONSE/VALUATION_METHODS/SALES_COMPARISON/COMPARABLE_SALE[@PropertySequenceIdentifier='1..N']/COMPARISON_DETAIL_EXTENSION/COMPARISON_DETAIL_EXTENSION_SECTION[@ExtensionSectionOrganizationName='UNIFORMAPPRAISALDATASET']/COMPARISON_DETAIL_EXTENSION_SECTION_DATA/COMPARISON_DETAIL/@GSEBelowGradeBathroomRoomCount
2,e-24,/VALUATION_RESPONSE/VALUATION_METHODS/SALES_COMPARISON/COMPARABLE_SALE[@PropertySequenceIdentifier='1..N']/COMPARISON_DETAIL_EXTENSION/COMPARISON_DETAIL_EXTENSION_SECTION[@ExtensionSectionOrganizationName='UNIFORMAPPRAISALDATASET']/COMPARISON_DETAIL_EXTENSION_SECTION_DATA/COMPARISON_DETAIL/@GSEBelowGradeOtherRoomCount
2,84,/VALUATION_RESPONSE/VALUATION_METHODS/SALES_COMPARISON/COMPARABLE_SALE[@PropertySequenceIdentifier='1..N']/SALE_PRICE_ADJUSTMENT[@_Type='BasementFinish']/@_Amount
2,85,/VALUATION_RESPONSE/VALUATION_METHODS/SALES_COMPARISON/COMPARABLE_SALE[@PropertySequenceIdentifier='1..N']/SALE_PRICE_ADJUSTMENT[@_Type='FunctionalUtility']/@_Description
2,86,/VALUATION_RESPONSE/VALUATION_METHODS/SALES_COMPARISON/COMPARABLE_SALE[@PropertySequenceIdentifier='1..N']/SALE_PRICE_ADJUSTMENT[@_Type='FunctionalUtility']/@_Amount
2,87,/VALUATION_RESPONSE/VALUATION_METHODS/SALES_COMPARISON/COMPARABLE_SALE[@PropertySequenceIdentifier='1..N']/SALE_PRICE_ADJUSTMENT[@_Type='HeatingCooling']/@_Description
2,88,/VALUATION_RESPONSE/VALUATION_METHODS/SALES_COMPARISON/COMPARABLE_SALE[@PropertySequenceIdentifier='1..N']/SALE_PRICE_ADJUSTMENT[@_Type='HeatingCooling']/@_Amount
2,89,/VALUATION_RESPONSE/VALUATION_METHODS/SALES_COMPARISON/COMPARABLE_SALE[@PropertySequenceIdentifier='1..N']/SALE_PRICE_ADJUSTMENT[@_Type='EnergyEfficient']/@_Description
2,90,/VALUATION_RESPONSE/VALUATION_METHODS/SALES_COMPARISON/COMPARABLE_SALE[@PropertySequenceIdentifier='1..N']/SALE_PRICE_ADJUSTMENT[@_Type='EnergyEfficient']/@_Amount
2,91,/VALUATION_RESPONSE/VALUATION_METHODS/SALES_COMPARISON/COMPARABLE_SALE[@PropertySequenceIdentifier='1..N']/SALE_PRICE_ADJUSTMENT[@_Type='CarStorage']/@_Description
2,92,/VALUATION_RESPONSE/VALUATION_METHODS/SALES_COMPARISON/COMPARABLE_SALE[@PropertySequenceIdentifier='1..N']/SALE_PRICE_ADJUSTMENT[@_Type='CarStorage']/@_Amount
2,93,/VALUATION_RESPONSE/VALUATION_METHODS/SALES_COMPARISON/COMPARABLE_SALE[@PropertySequenceIdentifier='1..N']/SALE_PRICE_ADJUSTMENT[@_Type='PorchDeck']/@_Description
2,94,/VALUATION_RESPONSE/VALUATION_METHODS/SALES_COMPARISON/COMPARABLE_SALE[@PropertySequenceIdentifier='1..N']/SALE_PRICE_ADJUSTMENT[@_Type='PorchDeck']/@_Amount
2,95,/VALUATION_RESPONSE/VALUATION_METHODS/SALES_COMPARISON/COMPARABLE_SALE[@PropertySequenceIdentifier='1..N']/OTHER_FEATURE_ADJUSTMENT[@PropertyFeatureSequenceIdentifier='1']/@PropertyFeatureDescription
2,96,/VALUATION_RESPONSE/VALUATION_METHODS/SALES_COMPARISON/COMPARABLE_SALE[@PropertySequenceIdentifier='1..N']/OTHER_FEATURE_ADJUSTMENT[@PropertyFeatureSequenceIdentifier='1']/@PropertyFeatureAdjustmentAmount
2,97,/VALUATION_RESPONSE/VALUATION_METHODS/SALES_COMPARISON/COMPARABLE_SALE[@PropertySequenceIdentifier='1..N']/OTHER_FEATURE_ADJUSTMENT[@PropertyFeatureSequenceIdentifier='2']/@PropertyFeatureDescription
2,98,/VALUATION_RESPONSE/VALUATION_METHODS/SALES_COMPARISON/COMPARABLE_SALE[@PropertySequenceIdentifier='1..N']/OTHER_FEATURE_ADJUSTMENT[@PropertyFeatureSequenceIdentifier='2']/@PropertyFeatureAdjustmentAmount
2,99,/VALUATION_RESPONSE/VALUATION_METHODS/SALES_COMPARISON/COMPARABLE_SALE[@PropertySequenceIdentifier='1..N']/OTHER_FEATURE_ADJUSTMENT[@PropertyFeatureSequenceIdentifier='3']/@PropertyFeatureDescription
2,100,/VALUATION_RESPONSE/VALUATION_METHODS/SALES_COMPARISON/COMPARABLE_SALE[@PropertySequenceIdentifier='1..N']/OTHER_FEATURE_ADJUSTMENT[@PropertyFeatureSequenceIdentifier='3']/@PropertyFeatureAdjustmentAmount
2,101,/VALUATION_RESPONSE/VALUATION_METHODS/SALES_COMPARISON/COMPARABLE_SALE[@PropertySequenceIdentifier='1..N' and @SalesPriceTotalAdjustmentPositiveIndicator='Y']
2,102,/VALUATION_RESPONSE/VALUATION_METHODS/SALES_COMPARISON/COMPARABLE_SALE[@PropertySequenceIdentifier='1..N' and @SalesPriceTotalAdjustmentPositiveIndicator='N']
2,103,/VALUATION_RESPONSE/VALUATION_METHODS/SALES_COMPARISON/COMPARABLE_SALE[@PropertySequenceIdentifier='1..N']/@SalePriceTotalAdjustmentAmount
2,103a,/VALUATION_RESPONSE/VALUATION_METHODS/SALES_COMPARISON/COMPARABLE_SALE[@PropertySequenceIdentifier='1..N']/@SalePriceTotalAdjustmentNetPercent
2,103b,/VALUATION_RESPONSE/VALUATION_METHODS/SALES_COMPARISON/COMPARABLE_SALE[@PropertySequenceIdentifier='1..N']/@SalesPriceTotalAdjustmentGrossPercent
2,104,/VALUATION_RESPONSE/VALUATION_METHODS/SALES_COMPARISON/COMPARABLE_SALE[@PropertySequenceIdentifier='1..N']/@AdjustedSalesPriceAmount
2,105,/VALUATION_RESPONSE/VALUATION_METHODS/SALES_COMPARISON/RESEARCH[@SalesHistoryResearchedIndicator='Y']
2,106,/VALUATION_RESPONSE/VALUATION_METHODS/SALES_COMPARISON/RESEARCH[@SalesHistoryResearchedIndicator='N']
2,107,/VALUATION_RESPONSE/VALUATION_METHODS/SALES_COMPARISON/RESEARCH/@SalesHistoryNotResearchedComment
2,108,/VALUATION_RESPONSE/VALUATION_METHODS/SALES_COMPARISON/RESEARCH/SUBJECT[@_HasPriorSalesIndicator='Y']
2,109,/VALUATION_RESPONSE/VALUATION_METHODS/SALES_COMPARISON/RESEARCH/SUBJECT[@_HasPriorSalesIndicator='N']
2,110,/VALUATION_RESPONSE/VALUATION_METHODS/SALES_COMPARISON/RESEARCH/SUBJECT/@DataSourceDescription
2,111,/VALUATION_RESPONSE/VALUATION_METHODS/SALES_COMPARISON/RESEARCH/COMPARABLE[@_HasPriorSalesIndicator='Y']
2,112,/VALUATION_RESPONSE/VALUATION_METHODS/SALES_COMPARISON/RESEARCH/COMPARABLE[@_HasPriorSalesIndicator='N']
2,113,/VALUATION_RESPONSE/VALUATION_METHODS/SALES_COMPARISON/RESEARCH/COMPARABLE/@DataSourceDescription
2,114,/VALUATION_RESPONSE/VALUATION_METHODS/SALES_COMPARISON/COMPARABLE_SALE[@PropertySequenceIdentifier='0']/PRIOR_SALES/PRIOR_SALES_EXTENSION/PRIOR_SALES_EXTENSION_SECTION[@ExtensionSectionOrganizationName='UNIFORMAPPRAISALDATASET']/PRIOR_SALES_EXTENSION_SECTION_DATA/PRIOR_SALE/@GSEPriorSaleDate
2,115,/VALUATION_RESPONSE/VALUATION_METHODS/SALES_COMPARISON/COMPARABLE_SALE[@PropertySequenceIdentifier='0']/PRIOR_SALES/@PropertySalesAmount
2,116,/VALUATION_RESPONSE/VALUATION_METHODS/SALES_COMPARISON/COMPARABLE_SALE[@PropertySequenceIdentifier='0']/PRIOR_SALES/@DataSourceDescription
2,117,/VALUATION_RESPONSE/VALUATION_METHODS/SALES_COMPARISON/COMPARABLE_SALE[@PropertySequenceIdentifier='0']/PRIOR_SALES/@DataSourceEffectiveDate
2,118,/VALUATION_RESPONSE/VALUATION_METHODS/SALES_COMPARISON/COMPARABLE_SALE[@PropertySequenceIdentifier='1..N']/PRIOR_SALES/PRIOR_SALES_EXTENSION/PRIOR_SALES_EXTENSION_SECTION[@ExtensionSectionOrganizationName='UNIFORMAPPRAISALDATASET']/PRIOR_SALES_EXTENSION_SECTION_DATA/PRIOR_SALE/@GSEPriorSaleDate
2,119,/VALUATION_RESPONSE/VALUATION_METHODS/SALES_COMPARISON/COMPARABLE_SALE[@PropertySequenceIdentifier='1..N']/PRIOR_SALES/@PropertySalesAmount
2,120,/VALUATION_RESPONSE/VALUATION_METHODS/SALES_COMPARISON/COMPARABLE_SALE[@PropertySequenceIdentifier='1..N']/PRIOR_SALES/@DataSourceDescription
2,121,/VALUATION_RESPONSE/VALUATION_METHODS/SALES_COMPARISON/COMPARABLE_SALE[@PropertySequenceIdentifier='1..N']/PRIOR_SALES/@DataSourceEffectiveDate
2,122,/VALUATION_RESPONSE/VALUATION_METHODS/SALES_COMPARISON/COMPARABLE_SALE[@PropertySequenceIdentifier='0']/PRIOR_SALES/PRIOR_SALES_EXTENSION/PRIOR_SALES_EXTENSION_SECTION[@ExtensionSectionOrganizationName='UNIFORMAPPRAISALDATASET']/PRIOR_SALES_EXTENSION_SECTION_DATA/PRIOR_SALE/@GSEPriorSaleComment
2,123,/VALUATION_RESPONSE/VALUATION_METHODS/SALES_COMPARISON/@_Comment
2,124,/VALUATION_RESPONSE/VALUATION_METHODS/SALES_COMPARISON/@ValueIndicatedBySalesComparisonApproachAmount
2,125,/VALUATION_RESPONSE/VALUATION_METHODS/SALES_COMPARISON/@ValueIndicatedBySalesComparisonApproachAmount
2,126,/VALUATION_RESPONSE/VALUATION_METHODS/COST_ANALYSIS/@ValueIndicatedByCostApproachAmount
2,127,/VALUATION_RESPONSE/VALUATION_METHODS/INCOME_ANALYSIS/@ValueIndicatedByIncomeApproachAmount
2,128,/VALUATION_RESPONSE/VALUATION/_RECONCILIATION/@_SummaryComment
2,129,/VALUATION_RESPONSE/VALUATION/_RECONCILIATION/_CONDITION_OF_APPRAISAL[@_Type='AsIs']
2,130,/VALUATION_RESPONSE/VALUATION/_RECONCILIATION/_CONDITION_OF_APPRAISAL[@_Type='SubjectToCompletion']
2,131,/VALUATION_RESPONSE/VALUATION/_RECONCILIATION/_CONDITION_OF_APPRAISAL[@_Type='SubjectToRepairs']
2,132,/VALUATION_RESPONSE/VALUATION/_RECONCILIATION/_CONDITION_OF_APPRAISAL[@_Type='SubjectToInspections']
2,133,/VALUATION_RESPONSE/VALUATION/_RECONCILIATION/@_ConditionsComment
2,134,/VALUATION_RESPONSE/VALUATION/@PropertyAppraisedValueAmount
2,135,/VALUATION_RESPONSE/VALUATION/@AppraisalEffectiveDate
3,2,/VALUATION_RESPONSE/REPORT/@_TitleDescription
3,3,/VALUATION_RESPONSE/REPORT/@AppraiserFileIdentifier
3,4,/VALUATION_RESPONSE/REPORT/@AppraiserAdditionalFileIdentifierName
3,4a,/VALUATION_RESPONSE/REPORT/@AppraiserAdditionalFileIdentifier
3,5,/VALUATION_RESPONSE/VALUATION_METHODS/@_AdditionalDescription
3,6,/VALUATION_RESPONSE/VALUATION_METHODS/COST_ANALYSIS/@SiteEstimatedValueComment
3,7,/VALUATION_RESPONSE/VALUATION_METHODS/COST_ANALYSIS[@_Type='Reproduction']
3,8,/VALUATION_RESPONSE/VALUATION_METHODS/COST_ANALYSIS[@_Type='Replacement']
3,9,/VALUATION_RESPONSE/VALUATION_METHODS/COST_ANALYSIS/@DataSourceDescription
3,10,/VALUATION_RESPONSE/VALUATION_METHODS/COST_ANALYSIS/@CostServiceQualityRatingDescription
3,11,/VALUATION_RESPONSE/VALUATION_METHODS/COST_ANALYSIS/COST_ANALYSIS_EXTENSION/COST_ANALYSIS_EXTENSION_SECTION[@ExtensionSectionOrganizationName='UNIFORMAPPRAISALDATASET']/COST_ANALYSIS_EXTENSION_SECTION_DATA/COST_APPROACH_DATA_SOURCE/@GSECostDataSourceEffectiveDateDescription
3,12,/VALUATION_RESPONSE/VALUATION_METHODS/COST_ANALYSIS/@_Comment
3,13,/VALUATION_RESPONSE/VALUATION_METHODS/COST_ANALYSIS/@EstimatedRemainingEconomicLifeYearsCount
3,14,/VALUATION_RESPONSE/VALUATION_METHODS/COST_ANALYSIS/@SiteEstimatedValueAmount
3,15,/VALUATION_RESPONSE/VALUATION_METHODS/COST_ANALYSIS/NEW_IMPROVEMENT[@_Type='Dwelling']/@SquareFeetCount
3,16,/VALUATION_RESPONSE/VALUATION_METHODS/COST_ANALYSIS/NEW_IMPROVEMENT[@_Type='Dwelling']/@PricePerSquareFootAmount
3,17,/VALUATION_RESPONSE/VALUATION_METHODS/COST_ANALYSIS/NEW_IMPROVEMENT[@_Type='Dwelling']/@_CostAmount
3,18,/VALUATION_RESPONSE/VALUATION_METHODS/COST_ANALYSIS/NEW_IMPROVEMENT[@_Type='Other']/@_TypeOtherDescription
3,19,/VALUATION_RESPONSE/VALUATION_METHODS/COST_ANALYSIS/NEW_IMPROVEMENT[@_Type='Other']/@SquareFeetCount
3,20,/VALUATION_RESPONSE/VALUATION_METHODS/COST_ANALYSIS/NEW_IMPROVEMENT[@_Type='Other']/@PricePerSquareFootAmount
3,21,/VALUATION_RESPONSE/VALUATION_METHODS/COST_ANALYSIS/NEW_IMPROVEMENT[@_Type='Other']/@_CostAmount
3,22,/VALUATION_RESPONSE/VALUATION_METHODS/COST_ANALYSIS/NEW_IMPROVEMENT[@_Type='Additional']/@_CostDescription
3,23,/VALUATION_RESPONSE/VALUATION_METHODS/COST_ANALYSIS/NEW_IMPROVEMENT[@_Type='Additional']/@_CostAmount
3,24,/VALUATION_RESPONSE/VALUATION_METHODS/COST_ANALYSIS/NEW_IMPROVEMENT[@_Type='Garage']/@SquareFeetCount
3,25,/VALUATION_RESPONSE/VALUATION_METHODS/COST_ANALYSIS/NEW_IMPROVEMENT[@_Type='Garage']/@PricePerSquareFootAmount
3,26,/VALUATION_RESPONSE/VALUATION_METHODS/COST_ANALYSIS/NEW_IMPROVEMENT[@_Type='Garage']/@_CostAmount
3,27,/VALUATION_RESPONSE/VALUATION_METHODS/COST_ANALYSIS/@NewImprovementTotalCostAmount
3,29,/VALUATION_RESPONSE/VALUATION_METHODS/COST_ANALYSIS/DEPRECIATION/@_PhysicalAmount
3,31,/VALUATION_RESPONSE/VALUATION_METHODS/COST_ANALYSIS/DEPRECIATION/@_FunctionalAmount
3,33,/VALUATION_RESPONSE/VALUATION_METHODS/COST_ANALYSIS/DEPRECIATION/@_ExteriorAmount
3,34,/VALUATION_RESPONSE/VALUATION_METHODS/COST_ANALYSIS/DEPRECIATION/@_TotalAmount
3,35,/VALUATION_RESPONSE/VALUATION_METHODS/COST_ANALYSIS/@NewImprovementDepreciatedCostAmount
3,36,/VALUATION_RESPONSE/VALUATION_METHODS/COST_ANALYSIS/@SiteOtherImprovementsAsIsAmount
3,37,/VALUATION_RESPONSE/VALUATION_METHODS/COST_ANALYSIS/@ValueIndicatedByCostApproachAmount
3,38,/VALUATION_RESPONSE/VALUATION_METHODS/INCOME_ANALYSIS/@EstimatedMarketMonthlyRentAmount
3,39,/VALUATION_RESPONSE/VALUATION_METHODS/INCOME_ANALYSIS/@GrossRentMultiplierFactor
3,40,/VALUATION_RESPONSE/VALUATION_METHODS/INCOME_ANALYSIS/@ValueIndicatedByIncomeApproachAmount
3,41,/VALUATION_RESPONSE/VALUATION_METHODS/INCOME_ANALYSIS/@_Comment
3,42,/VALUATION_RESPONSE/PROPERTY/PROJECT[@_DeveloperControlsProjectManagementIndicator='Y']
3,43,/VALUATION_RESPONSE/PROPERTY/PROJECT[@_DeveloperControlsProjectManagementIndicator='N']
3,44,/VALUATION_RESPONSE/PROPERTY/PROJECT[@_DesignType='Detached']
3,45,/VALUATION_RESPONSE/PROPERTY/PROJECT[@_DesignType='Attached']
3,44and45,/VALUATION_RESPONSE/PROPERTY/PROJECT[@_DesignType='Other' and @_DesignTypeOtherDescription='AttachedAndDetached']
3,46,/VALUATION_RESPONSE/PROPERTY/PROJECT/@_Name
3,47,/VALUATION_RESPONSE/PROPERTY/PROJECT/DEVELOPMENT_STAGE/@_TotalPhasesCount
3,48,/VALUATION_RESPONSE/PROPERTY/PROJECT/DEVELOPMENT_STAGE/@CompletedUnitsCount
3,49,/VALUATION_RESPONSE/PROPERTY/PROJECT/DEVELOPMENT_STAGE/@UnitsSoldCount
3,50,/VALUATION_RESPONSE/PROPERTY/PROJECT/DEVELOPMENT_STAGE/@UnitsRentedCount
3,51,/VALUATION_RESPONSE/PROPERTY/PROJECT/DEVELOPMENT_STAGE/@UnitsForSaleCount
3,52,/VALUATION_RESPONSE/PROPERTY/PROJECT/DEVELOPMENT_STAGE/@DataSourceDescription
3,53,/VALUATION_RESPONSE/PROPERTY/PROJECT[@_ClassificationType='PUD' and @_ConversionIndicator='Y']
3,54,/VALUATION_RESPONSE/PROPERTY/PROJECT[@_ClassificationType='PUD' and @_ConversionIndicator='N']
3,55,/VALUATION_RESPONSE/PROPERTY/PROJECT/@_ConversionDate
3,56,/VALUATION_RESPONSE/PROPERTY/PROJECT[@_ContainsMultipleDwellingUnitsIndicator='Y']
3,57,/VALUATION_RESPONSE/PROPERTY/PROJECT[@_ContainsMultipleDwellingUnitsIndicator='N']
3,58,/VALUATION_RESPONSE/PROPERTY/PROJECT/@_ContainsMultipleDwellingUnitsDataSourceDescription
3,59,/VALUATION_RESPONSE/PROPERTY/PROJECT[@_CommonElementsCompletedIndicator='Y']
3,60,/VALUATION_RESPONSE/PROPERTY/PROJECT[@_CommonElementsCompletedIndicator='N']
3,61,/VALUATION_RESPONSE/PROPERTY/PROJECT/@_CommonElementsStatusDescription
3,62,/VALUATION_RESPONSE/PROPERTY/PROJECT[@_CommonElementsLeasedIndicator='Y']
3,63,/VALUATION_RESPONSE/PROPERTY/PROJECT[@_CommonElementsLeasedIndicator='N']
3,64,/VALUATION_RESPONSE/PROPERTY/PROJECT/@_CommonElementsLeaseTermsDescription
3,65,/VALUATION_RESPONSE/PROPERTY/PROJECT/@_CommonElementsDescription
4,2,/VALUATION_RESPONSE/REPORT/@_TitleDescription
4,3,/VALUATION_RESPONSE/REPORT/@AppraiserFileIdentifier
4,4,/VALUATION_RESPONSE/REPORT/@AppraiserAdditionalFileIdentifierName
4,4a,/VALUATION_RESPONSE/REPORT/@AppraiserAdditionalFileIdentifier
5,2,/VALUATION_RESPONSE/REPORT/@_TitleDescription
5,3,/VALUATION_RESPONSE/REPORT/@AppraiserFileIdentifier
5,4,/VALUATION_RESPONSE/REPORT/@AppraiserAdditionalFileIdentifierName
5,4a,/VALUATION_RESPONSE/REPORT/@AppraiserAdditionalFileIdentifier
6,2,/VALUATION_RESPONSE/REPORT/@_TitleDescription
6,3,/VALUATION_RESPONSE/REPORT/@AppraiserFileIdentifier
6,4,/VALUATION_RESPONSE/REPORT/@AppraiserAdditionalFileIdentifierName
6,4a,/VALUATION_RESPONSE/REPORT/@AppraiserAdditionalFileIdentifier
6,5,/VALUATION_RESPONSE/PARTIES/APPRAISER/@_Name
6,6,/VALUATION_RESPONSE/PARTIES/APPRAISER/@_CompanyName
6,7,/VALUATION_RESPONSE/PARTIES/APPRAISER/@_StreetAddress
6,8a,/VALUATION_RESPONSE/PARTIES/APPRAISER/@_City
6,8b,/VALUATION_RESPONSE/PARTIES/APPRAISER/@_State
6,8c,/VALUATION_RESPONSE/PARTIES/APPRAISER/@_PostalCode
6,9,/VALUATION_RESPONSE/PARTIES/APPRAISER/CONTACT_DETAIL/CONTACT_POINT[@_Type='Phone']/@_Value
6,10,/VALUATION_RESPONSE/PARTIES/APPRAISER/CONTACT_DETAIL/CONTACT_POINT[@_Type='Email']/@_Value
6,11,/VALUATION_RESPONSE/REPORT/@AppraiserReportSignedDate
6,12,/VALUATION_RESPONSE/VALUATION/@AppraisalEffectiveDate
6,13,/VALUATION_RESPONSE/PARTIES/APPRAISER/APPRAISER_LICENSE[@_Type='Certificate']/@_Identifier
6,14,/VALUATION_RESPONSE/PARTIES/APPRAISER/APPRAISER_LICENSE[@_Type='License']/@_Identifier
6,15,/VALUATION_RESPONSE/PARTIES/APPRAISER/APPRAISER_LICENSE[@_Type='Other']/@_TypeOtherDescription
6,16,/VALUATION_RESPONSE/PARTIES/APPRAISER/APPRAISER_LICENSE[@_Type='Other']/@_Identifier
6,17,/VALUATION_RESPONSE/PARTIES/APPRAISER/APPRAISER_LICENSE/@_State
6,18,/VALUATION_RESPONSE/PARTIES/APPRAISER/APPRAISER_LICENSE/@_ExpirationDate
6,19,/VALUATION_RESPONSE/PROPERTY/@_StreetAddress
6,20a,/VALUATION_RESPONSE/PROPERTY/@_City
6,20b,/VALUATION_RESPONSE/PROPERTY/@_State
6,20c,/VALUATION_RESPONSE/PROPERTY/@_PostalCode
6,21,/VALUATION_RESPONSE/VALUATION/@PropertyAppraisedValueAmount
6,22,/VALUATION_RESPONSE/PARTIES/MANAGEMENT_COMPANY_EXTENSION/MANAGEMENT_COMPANY_EXTENSION_SECTION[@ExtensionSectionOrganizationName='UNIFORMAPPRAISALDATASET']/MANAGEMENT_COMPANY_EXTENSION_SECTION_DATA/MANAGEMENT_COMPANY/@GSEManagementCompanyName
6,23,/VALUATION_RESPONSE/PARTIES/LENDER/@_UnparsedName
6,26,/VALUATION_RESPONSE/PARTIES/LENDER/CONTACT_DETAIL/CONTACT_POINT[@_Type='Email']/@_Value
6,27,/VALUATION_RESPONSE/PARTIES/SUPERVISOR/@_Name
6,28,/VALUATION_RESPONSE/PARTIES/SUPERVISOR/@_CompanyName
6,29,/VALUATION_RESPONSE/PARTIES/SUPERVISOR/@_StreetAddress
6,30a,/VALUATION_RESPONSE/PARTIES/SUPERVISOR/@_City
6,30b,/VALUATION_RESPONSE/PARTIES/SUPERVISOR/@_State
6,30c,/VALUATION_RESPONSE/PARTIES/SUPERVISOR/@_PostalCode
6,31,/VALUATION_RESPONSE/PARTIES/SUPERVISOR/CONTACT_DETAIL/CONTACT_POINT[@_Type='Phone']/@_Value
6,32,/VALUATION_RESPONSE/PARTIES/SUPERVISOR/CONTACT_DETAIL/CONTACT_POINT[@_Type='Email']/@_Value
6,33,/VALUATION_RESPONSE/REPORT/@SupervisorReportSignedDate
6,34,/VALUATION_RESPONSE/PARTIES/SUPERVISOR/APPRAISER_LICENSE[@_Type='Certificate']/@_Identifier
6,35,/VALUATION_RESPONSE/PARTIES/SUPERVISOR/APPRAISER_LICENSE[@_Type='License']/@_Identifier
6,36,/VALUATION_RESPONSE/PARTIES/SUPERVISOR/APPRAISER_LICENSE/@_State
6,37,/VALUATION_RESPONSE/PARTIES/SUPERVISOR/APPRAISER_LICENSE/@_ExpirationDate
6,38,/VALUATION_RESPONSE/PARTIES/SUPERVISOR/INSPECTION[@AppraisalInspectionPropertyType='Subject' and @AppraisalInspectionType='None']
6,39,/VALUATION_RESPONSE/PARTIES/SUPERVISOR/INSPECTION[@AppraisalInspectionPropertyType='Subject' and @AppraisalInspectionType='ExteriorOnly']
6,40,/VALUATION_RESPONSE/PARTIES/SUPERVISOR/INSPECTION[@AppraisalInspectionPropertyType='Subject' and @AppraisalInspectionType='ExteriorOnly']/@InspectionDate
6,41,/VALUATION_RESPONSE/PARTIES/SUPERVISOR/INSPECTION[@AppraisalInspectionPropertyType='Subject' and @AppraisalInspectionType='ExteriorAndInterior']
6,42,/VALUATION_RESPONSE/PARTIES/SUPERVISOR/INSPECTION[@AppraisalInspectionPropertyType='Subject' and @AppraisalInspectionType='ExteriorAndInterior']/@InspectionDate
6,43,/VALUATION_RESPONSE/PARTIES/SUPERVISOR/INSPECTION[@AppraisalInspectionPropertyType='Comparable' and @AppraisalInspectionType='None']
6,44,/VALUATION_RESPONSE/PARTIES/SUPERVISOR/INSPECTION[@AppraisalInspectionPropertyType='Comparable' and @AppraisalInspectionType='ExteriorOnly']
6,45,/VALUATION_RESPONSE/PARTIES/SUPERVISOR/INSPECTION[@AppraisalInspectionPropertyType='Comparable' and @AppraisalInspectionType='ExteriorOnly']/@InspectionDate
All,226,/VALUATION_RESPONSE/REPORT/FORM/@AppraisalReportContentIdentifier
na,na,/VALUATION_RESPONSE/PROPERTY/@_VfdLongitudeNumber
na,na,/VALUATION_RESPONSE/VALUATION_METHODS/SALES_COMPARISON/COMPARABLE_SALE[@PropertySequenceIdentifier='1..N']/LOCATION/@VfdLatitudeNumber
na,na,/VALUATION_RESPONSE/VALUATION_METHODS/SALES_COMPARISON/COMPARABLE_SALE[@PropertySequenceIdentifier='1..N']/LOCATION/@VfdPropertyStreetAddress
na,na,/VALUATION_RESPONSE/VALUATION_METHODS/SALES_COMPARISON/COMPARABLE_SALE[@PropertySequenceIdentifier='1..N']/LOCATION/@VfdPropertyCity
na,na,/VALUATION_RESPONSE/VALUATION_METHODS/SALES_COMPARISON/COMPARABLE_SALE[@PropertySequenceIdentifier='1..N']/LOCATION/@VfdPropertyState
na,na,/VALUATION_RESPONSE/VALUATION_METHODS/SALES_COMPARISON/COMPARABLE_SALE[@PropertySequenceIdentifier='1..N']/LOCATION/@VfdPropertyPostalCode
na,na,/VALUATION_RESPONSE/VALUATION_METHODS/SALES_COMPARISON/COMPARABLE_SALE[@PropertySequenceIdentifier='1..N']/LOCATION/@VfdPropertyCounty
na,na,/VALUATION_RESPONSE/VALUATION_METHODS/SALES_COMPARISON/COMPARABLE_SALE[@PropertySequenceIdentifier='1..N']/LOCATION/@VfdPropertyStreetAddress2
na,na,/VALUATION_RESPONSE/PROPERTY/@_VfdLatitudeNumber
na,na,/VALUATION_RESPONSE/PROPERTY/@_VfdStreetAddress
na,na,/VALUATION_RESPONSE/PROPERTY/@_VfdCity
na,na,/VALUATION_RESPONSE/PROPERTY/@_VfdState
na,na,/VALUATION_RESPONSE/PROPERTY/@_VfdPostalCode
na,na,/VALUATION_RESPONSE/PROPERTY/@_VfdCounty
na,na,/VALUATION_RESPONSE/PROPERTY/@_VfdStreetAddress2
na,na,/VALUATION_RESPONSE/VALUATION_METHODS/SALES_COMPARISON/COMPARABLE_SALE[@PropertySequenceIdentifier='1..N']/LOCATION/@VfdLongitudeNumber
